Id2,Total,No schooling completed,Nursery school,Kindergarten,1st grade,2nd grade,3rd grade,4th grade,5th grade,6th grade,7th grade,8th grade,9th grade,10th grade,11th grade,"12th grade, no diploma",Regular high school diploma,GED or alternative credential,"Some college, less than 1 year","Some college, 1 or more years, no degree",Associate's degree,Bachelor's degree,Master's degree,Professional school degree,Doctorate degree
250250001001,1416,94,0,0,0,0,10,6,0,0,0,181,0,6,30,40,316,100,20,51,25,453,41,18,25
250250001002,753,26,0,0,0,0,0,0,0,0,6,0,0,0,13,15,79,34,9,62,38,242,191,0,38
250250001003,395,0,0,0,0,0,0,0,0,0,0,0,0,0,0,9,34,0,0,10,10,163,128,30,11
250250001004,838,26,0,0,0,0,0,0,0,0,0,0,0,0,8,9,226,24,53,58,58,243,84,16,33
250250002011,890,22,0,0,0,0,0,0,0,0,0,26,0,0,0,0,162,22,13,37,28,438,89,31,22
250250002012,537,0,0,0,0,0,0,0,12,0,0,0,0,0,0,8,18,7,12,75,42,273,58,32,0
250250002013,999,13,0,0,0,0,19,0,15,12,0,11,0,13,13,55,82,19,29,116,16,365,185,12,24
250250002014,489,0,0,0,0,0,0,0,7,0,0,0,0,8,0,0,49,19,12,36,8,221,86,17,26
250250002021,897,28,0,0,0,0,0,0,6,0,0,0,0,4,62,0,60,12,63,153,39,315,143,12,0
250250002022,874,0,0,0,0,0,9,0,0,0,0,13,12,0,0,9,74,0,28,110,13,430,106,10,60
250250002023,616,38,0,0,0,0,0,0,6,0,0,0,57,0,5,12,92,25,6,34,36,116,139,0,50
250250002024,298,21,0,0,0,0,13,0,0,0,0,0,30,0,0,24,54,30,28,33,32,12,21,0,0
250250003011,489,20,0,0,0,0,0,9,35,0,0,0,0,0,0,0,99,0,0,40,13,224,29,20,0
250250003012,773,14,0,0,0,0,0,0,0,0,0,0,4,4,0,13,134,11,4,3,9,400,114,11,52
250250003013,351,0,0,0,0,0,0,0,0,0,0,0,0,0,0,0,52,0,0,21,0,130,124,24,0
250250003014,389,0,0,0,0,0,0,0,0,12,0,0,34,0,0,19,102,0,9,38,28,46,65,21,15
250250003021,1283,43,0,0,0,0,0,0,25,0,0,0,0,0,40,20,193,0,47,98,24,540,179,30,44
250250003022,1195,22,0,0,0,0,11,0,0,0,0,0,0,0,0,30,50,26,85,96,18,460,213,19,165
250250004011,780,0,0,0,0,0,0,0,0,0,0,0,0,0,0,0,0,0,0,38,16,526,169,31,0
250250004012,631,0,0,0,0,0,0,0,0,0,0,0,0,0,0,0,42,32,16,26,35,273,145,0,62
250250004013,759,26,0,0,0,0,0,0,0,0,0,0,0,0,0,53,44,0,21,147,33,256,131,32,16
250250004014,1752,116,0,0,0,0,0,0,52,104,0,108,40,98,0,15,211,37,15,121,16,410,205,112,92
250250004021,689,0,0,0,0,0,0,0,0,7,0,7,0,4,7,11,52,0,36,54,10,284,155,16,46
250250004022,702,0,0,0,0,0,0,0,0,10,0,7,0,0,0,0,67,0,43,3,18,316,160,22,56
250250004023,1093,0,0,0,0,0,0,0,0,0,0,3,0,0,9,3,141,0,12,65,24,463,301,0,72
250250005021,749,0,0,0,0,0,0,0,0,0,0,0,0,0,0,0,0,10,23,9,81,357,220,28,21
250250005022,571,0,0,0,0,0,0,0,0,0,0,0,8,0,12,18,36,25,30,12,27,157,184,28,34
250250005023,1056,10,0,0,0,0,1,0,0,0,0,0,0,0,2,0,78,32,41,75,30,431,190,60,106
250250005024,12,0,0,0,0,0,0,0,0,0,0,0,0,0,0,0,0,0,0,0,0,12,0,0,0
250250005031,627,0,0,0,0,0,0,0,0,0,0,0,0,0,0,0,86,0,9,49,19,274,157,8,25
250250005032,941,8,0,0,0,0,0,0,0,0,0,0,0,0,8,0,30,0,19,71,20,377,305,29,74
250250005041,946,0,0,0,21,0,0,0,0,0,0,0,0,0,7,37,114,36,0,74,84,281,107,110,75
250250005042,1064,25,0,0,0,0,0,0,0,0,0,37,0,34,0,0,12,0,23,54,0,512,218,48,101
250250005043,979,0,0,0,0,0,0,0,0,29,0,0,0,0,0,0,83,0,0,27,50,343,268,59,120
250250005044,497,0,0,0,0,32,0,0,0,0,22,0,0,21,0,0,74,36,80,27,0,129,43,0,33
250250006011,644,14,0,0,0,0,0,0,0,0,0,0,0,14,7,13,127,23,8,116,38,181,62,6,35
250250006012,974,56,0,0,0,0,0,25,0,0,0,0,0,0,0,16,78,0,0,45,39,442,174,41,58
250250006013,485,12,0,0,0,0,0,0,0,0,0,0,0,0,9,28,64,0,24,42,10,249,38,0,9
250250006014,741,17,0,0,0,0,0,0,0,7,0,16,0,0,0,18,105,29,33,54,20,283,83,49,27
250250006021,805,42,0,0,0,0,0,0,14,0,0,0,0,0,0,0,115,12,45,32,0,254,239,11,41
250250006022,585,0,0,0,0,0,0,0,0,0,0,21,6,16,0,15,50,22,0,31,14,290,95,20,5
250250006023,1058,35,0,0,0,0,24,0,0,0,0,0,0,0,124,0,141,29,106,115,113,159,162,33,17
250250007011,570,0,0,0,0,0,0,0,0,0,0,0,0,5,18,0,55,0,16,35,26,129,214,72,0
250250007012,244,0,0,0,0,0,2,0,0,0,0,1,0,5,0,18,21,0,34,25,0,115,15,0,8
250250007013,493,0,0,0,0,0,0,0,0,0,0,14,0,8,0,0,54,14,0,40,0,176,151,16,20
250250007014,545,0,0,0,0,0,0,0,0,20,0,0,0,17,0,0,72,19,0,36,53,109,174,13,32
250250007015,1334,0,0,0,0,0,0,0,0,0,0,21,0,0,0,0,23,13,0,102,0,702,336,99,38
250250007031,487,0,0,0,0,0,0,0,0,0,0,0,0,0,0,0,50,0,9,0,23,168,180,35,22
250250007032,492,0,0,0,0,0,0,0,0,0,0,1,10,1,0,0,7,0,7,30,17,219,138,46,16
250250007041,1163,0,0,0,0,0,0,0,0,0,0,0,0,0,0,40,41,26,23,135,67,419,208,113,91
250250007042,544,0,0,0,0,0,0,0,0,0,0,0,0,0,9,0,17,0,46,43,21,260,60,18,70
250250007043,869,0,0,0,0,0,0,0,0,0,0,0,0,0,0,0,0,0,28,16,9,247,415,100,54
250250007044,739,0,0,0,0,0,0,0,0,0,0,9,0,8,0,58,76,37,0,126,10,265,100,47,3
250250008021,541,0,0,0,0,0,0,0,0,0,0,0,0,29,0,0,212,0,0,31,0,112,110,35,12
250250008022,1096,30,0,0,0,0,24,0,0,0,0,0,23,33,0,31,82,0,86,69,14,448,212,22,22
250250008023,421,1,0,0,0,0,0,0,0,35,9,30,0,39,27,0,60,0,0,29,28,64,89,10,0
250250008024,1222,33,0,0,0,23,0,0,0,7,0,0,0,10,45,59,269,26,35,98,78,353,158,16,12
250250008025,873,0,0,0,0,0,0,0,23,0,24,0,0,0,0,17,43,0,24,54,62,317,260,35,14
250250008031,2024,0,0,0,0,0,0,0,0,0,0,7,0,0,0,0,19,0,0,6,32,1286,382,243,49
250250008032,90,0,0,0,0,0,0,0,0,0,0,0,0,0,20,0,10,11,9,0,0,6,34,0,0
250250101031,408,0,0,0,0,0,0,0,0,0,0,0,0,0,0,3,0,0,0,38,8,158,141,27,33
250250101032,35,0,0,0,0,0,0,0,0,0,0,0,0,0,0,0,1,0,0,1,0,20,13,0,0
250250101033,73,0,0,0,0,0,0,0,0,0,0,0,0,0,0,0,0,0,0,7,0,31,26,0,9
250250101041,963,0,0,0,0,0,17,0,0,0,0,0,0,0,16,0,15,0,2,63,8,351,275,154,62
250250101042,708,0,0,0,0,0,0,0,0,0,0,0,0,0,0,23,35,0,0,0,14,206,236,51,143
250250101043,635,21,0,0,0,0,0,0,0,0,0,0,0,0,0,0,103,62,0,10,19,240,65,63,52
250250102031,397,0,0,0,0,0,0,0,2,0,0,2,0,2,0,77,53,1,34,4,16,96,57,53,0
250250102032,1104,0,0,0,0,0,20,0,0,0,0,57,0,0,0,0,42,0,0,134,0,326,174,210,141
250250102033,1269,26,0,0,0,0,0,0,0,15,0,6,22,0,6,23,33,43,0,98,69,406,202,119,201
250250102034,277,0,0,0,0,0,0,0,0,0,0,0,0,0,0,0,0,0,0,16,0,138,83,8,32
250250102041,246,0,0,0,0,0,0,0,0,0,0,0,0,0,0,0,16,0,0,8,0,44,33,134,11
250250102042,475,0,0,0,0,0,0,0,0,0,0,0,0,0,0,0,0,0,9,2,0,232,56,66,110
250250102043,340,0,0,0,0,0,0,0,0,0,0,0,0,0,0,0,20,12,11,20,0,82,72,87,36
250250103001,180,4,0,0,0,0,0,5,0,4,0,0,0,0,0,0,51,24,0,24,0,42,22,0,4
250250103002,340,0,0,0,0,0,0,0,0,0,0,0,0,0,0,0,0,0,5,19,0,148,88,49,31
250250104031,682,12,0,0,0,0,0,0,0,0,0,0,6,0,39,48,88,84,2,61,31,121,134,43,13
250250104032,761,24,0,0,0,0,0,0,0,44,0,0,0,21,0,0,123,28,9,22,41,282,96,48,23
250250104033,729,0,0,0,0,0,0,0,0,0,0,0,1,0,0,0,29,0,21,35,18,104,142,242,137
250250104041,731,0,0,0,0,0,0,0,0,0,0,0,0,0,0,8,36,0,0,60,46,246,227,61,47
250250104042,198,0,0,0,0,0,0,0,0,0,0,22,0,0,7,0,9,40,10,5,0,17,56,16,16
250250104043,247,0,0,0,0,0,0,0,0,0,0,0,0,0,0,0,22,0,0,42,13,98,37,23,12
250250104051,230,13,0,0,0,0,0,0,0,0,0,0,0,8,19,0,36,26,4,17,15,60,25,7,0
250250104052,433,0,0,0,0,0,0,8,0,0,16,0,0,20,0,0,32,45,10,42,2,122,83,18,35
250250104053,482,12,0,0,0,0,19,14,0,3,0,24,25,17,5,40,44,6,12,56,26,147,20,6,6
250250104081,1107,0,0,0,0,0,0,0,0,0,7,0,0,0,0,0,17,0,10,60,19,424,300,115,155
250250105001,376,0,0,0,0,0,0,0,0,0,0,0,0,8,0,0,8,0,0,26,0,147,126,31,30
250250105002,928,1,0,0,0,0,0,0,0,7,24,0,8,0,9,37,59,0,0,44,42,339,239,49,70
250250105003,823,0,0,0,0,0,23,9,0,0,0,0,0,0,0,62,96,0,7,8,64,330,164,60,0
250250106001,1852,10,0,0,0,0,0,0,0,0,0,0,0,0,0,0,97,0,10,107,50,714,464,251,149
250250106002,977,0,0,0,0,0,0,0,0,0,0,0,34,0,0,30,86,10,41,24,18,276,254,141,63
250250107011,673,0,0,0,0,0,0,0,0,0,0,0,0,0,0,0,0,0,0,33,19,235,221,102,63
250250107012,619,0,0,0,0,0,0,0,0,0,0,0,0,0,0,0,11,7,0,7,7,266,194,74,53
250250107013,618,0,0,0,0,0,0,0,0,0,0,1,0,0,0,0,47,0,6,16,34,334,115,38,27
250250107021,754,0,0,0,0,0,0,0,0,0,0,0,0,0,0,9,8,13,0,48,13,406,171,48,38
250250107022,537,0,0,0,0,0,0,0,0,0,0,0,0,0,0,0,19,0,0,5,33,273,100,47,60
250250107023,871,0,0,0,0,0,0,0,0,0,0,10,0,0,0,11,23,19,9,51,28,319,297,70,34
250250108011,503,0,0,0,0,0,0,0,0,0,0,0,0,0,0,0,16,0,0,67,17,153,128,98,24
250250108012,1052,0,0,0,0,0,0,0,0,0,0,11,0,2,1,2,42,2,0,38,43,352,365,131,63
250250108013,902,0,0,0,0,0,0,0,0,0,0,0,0,0,0,0,0,0,0,29,0,381,295,180,17
250250108021,934,0,0,0,0,0,0,0,0,0,0,0,0,0,0,0,81,0,6,11,28,405,256,80,67
250250108022,1220,0,0,0,0,0,0,0,0,0,0,15,0,0,0,0,28,12,0,36,10,427,342,258,92
250250108023,527,0,0,0,0,0,0,0,0,0,0,0,0,0,0,0,15,0,0,30,30,177,188,57,30
250250201011,610,0,0,0,0,0,0,0,0,0,0,0,0,0,0,0,11,0,0,16,0,176,167,126,114
250250201012,871,0,0,0,0,0,0,0,0,0,0,0,0,0,0,0,43,0,0,0,46,380,157,161,84
250250201013,1339,0,0,0,0,0,0,0,0,0,0,0,0,0,0,85,0,0,0,57,48,573,334,186,56
250250201014,1240,0,0,0,0,0,0,0,0,0,0,0,0,0,0,0,54,0,19,49,0,633,306,119,60
250250202001,1064,0,0,0,0,0,0,0,0,0,35,0,13,0,0,12,63,0,21,16,0,578,153,84,89
250250202002,982,0,0,0,0,0,0,0,32,0,0,0,0,0,0,0,0,0,0,75,18,409,176,139,133
250250202003,1051,0,0,0,0,0,0,0,0,0,0,0,0,0,0,0,5,0,13,23,30,436,320,173,51
250250203011,295,0,0,0,0,0,0,28,0,0,0,0,0,0,0,0,90,0,1,28,9,58,31,42,8
250250203012,1661,0,0,0,0,0,0,0,0,0,0,0,0,0,0,0,61,0,20,41,28,506,430,417,158
250250203021,791,0,0,0,0,0,0,0,0,0,0,0,0,0,0,5,0,0,5,6,13,354,213,161,34
250250203031,833,0,0,0,0,0,0,0,0,0,0,0,0,0,0,0,16,0,0,0,23,333,245,125,91
250250203032,976,0,0,0,0,0,0,0,0,2,22,14,39,37,65,7,127,101,27,63,8,186,127,104,47
250250203033,1319,8,0,0,0,0,0,0,0,0,0,0,31,38,0,0,44,60,23,239,43,302,282,181,68
250250301001,1209,0,0,0,0,0,0,0,0,0,0,0,10,0,0,40,67,11,18,0,8,762,186,81,26
250250301002,699,0,0,0,0,0,0,0,0,0,0,0,0,0,0,9,23,0,11,41,22,309,248,8,28
250250302001,1338,9,0,0,0,0,0,31,0,19,0,9,0,0,0,7,148,18,44,65,0,750,203,17,18
250250303001,1906,0,0,0,0,0,0,13,0,0,0,12,0,10,0,0,13,11,23,99,100,759,571,113,182
250250303002,1261,0,0,0,0,0,16,0,9,0,8,36,19,23,33,15,114,71,50,142,99,394,148,70,14
250250303003,766,0,0,0,0,0,0,0,0,0,7,0,0,15,14,41,53,26,62,115,15,257,68,25,68
250250303004,633,0,0,0,0,0,0,0,0,0,0,0,0,0,0,0,0,0,0,29,47,147,165,117,128
250250304001,1297,10,0,0,0,0,50,0,0,10,11,13,21,0,0,24,80,0,21,98,17,686,153,81,22
250250304002,1019,12,0,0,0,0,8,0,0,0,0,0,11,0,0,17,92,0,27,65,30,581,122,35,19
250250305001,517,0,0,0,0,0,0,0,0,0,0,0,0,0,0,13,32,0,0,33,12,199,152,59,17
250250305002,898,1,0,0,0,0,0,0,0,0,0,0,0,0,0,0,21,9,8,53,13,517,185,54,37
250250305003,657,0,0,0,0,0,0,0,0,0,0,0,0,0,0,0,53,0,22,45,22,329,123,50,13
250250401001,931,0,0,0,0,0,0,0,0,0,0,0,10,0,0,0,101,39,35,90,0,396,124,88,48
250250401002,1193,0,0,0,0,11,0,0,0,0,11,0,0,19,0,0,43,9,57,79,8,623,209,76,48
250250402001,453,37,0,0,0,0,0,0,0,6,0,0,11,24,54,29,137,29,27,70,24,5,0,0,0
250250402002,778,0,0,0,0,0,0,0,0,0,0,0,11,12,0,4,110,0,13,44,5,301,148,88,42
250250403001,549,50,0,0,0,0,37,0,0,0,33,13,47,122,10,0,117,37,21,8,0,29,25,0,0
250250403002,1073,0,0,0,0,0,0,0,0,0,0,0,0,0,0,13,39,9,42,20,10,553,243,116,28
250250403003,446,0,0,0,0,0,0,0,0,0,0,0,0,8,0,0,36,0,0,10,9,197,122,46,18
250250403004,611,0,0,0,0,0,0,0,0,0,0,0,0,0,9,0,53,10,7,12,0,319,139,52,10
250250403005,578,0,0,0,0,0,0,0,0,0,0,0,0,10,0,0,81,9,9,9,8,253,123,57,19
250250404011,1486,0,0,0,0,0,0,15,0,15,0,40,33,63,12,18,457,0,75,130,44,326,122,127,9
250250404012,599,0,0,0,0,0,10,0,0,0,0,0,7,8,0,0,45,0,0,34,42,235,146,41,31
250250406001,873,9,0,0,0,0,1,0,0,0,14,0,1,0,8,0,77,0,16,60,48,410,171,31,27
250250406002,1657,9,0,0,0,0,0,0,0,0,0,0,0,0,0,32,66,34,47,76,68,709,448,88,80
250250408011,684,53,0,0,0,0,0,33,0,82,0,0,0,0,100,13,178,42,79,61,32,11,0,0,0
250250408012,576,43,0,0,0,0,32,0,30,75,16,31,0,0,0,0,238,12,32,50,17,0,0,0,0
250250408013,2009,0,0,0,0,0,0,0,0,0,0,12,13,13,0,0,116,9,28,125,47,668,672,171,135
250250501011,1099,81,0,0,56,0,48,50,24,81,10,37,33,24,105,5,199,0,36,119,36,112,43,0,0
250250501012,1084,66,0,0,26,28,36,0,10,13,0,16,36,55,0,8,504,0,11,120,11,113,31,0,0
250250501013,1495,51,0,0,26,23,0,62,0,19,24,10,125,13,0,42,303,41,56,141,67,341,42,63,46
250250502001,1471,61,0,0,0,58,38,84,0,79,32,36,150,0,18,14,377,10,50,193,10,164,51,33,13
250250502002,990,177,0,0,0,0,9,13,0,35,0,0,10,0,57,24,241,52,37,100,37,158,40,0,0
250250502003,703,69,0,0,0,0,0,84,12,10,0,10,116,0,14,10,118,22,0,53,13,158,14,0,0
250250502004,886,43,0,0,15,0,23,57,24,27,12,31,112,76,41,41,235,0,32,28,29,60,0,0,0
250250503001,455,21,0,0,0,0,36,22,0,0,0,0,87,0,4,7,69,10,19,58,12,46,49,0,15
250250503002,1090,58,0,13,17,13,6,5,0,5,61,76,67,37,34,36,257,41,65,130,71,77,15,6,0
250250504001,435,0,0,0,0,5,0,0,11,0,12,0,7,0,0,0,101,12,0,61,16,149,14,42,5
250250504002,1573,43,0,15,0,14,0,95,63,34,20,65,56,15,48,10,468,29,52,118,34,224,124,6,40
250250505001,1649,31,0,13,13,0,10,0,56,78,27,41,192,48,30,32,432,38,19,111,62,240,146,23,7
250250506001,920,86,0,0,20,17,0,14,19,19,33,37,13,0,21,20,385,7,22,112,0,56,30,0,9
250250506002,775,64,0,17,6,0,0,35,120,0,26,26,41,0,31,0,81,0,8,19,37,177,70,17,0
250250507001,1666,108,0,0,0,30,27,33,237,118,18,0,49,80,50,33,518,52,21,60,27,137,50,0,18
250250507002,1129,174,0,0,0,0,0,0,62,10,49,42,61,0,0,57,350,20,22,54,17,124,80,7,0
250250507003,925,123,0,0,0,0,52,9,17,14,0,9,51,14,0,11,218,0,10,68,46,176,30,67,10
250250509011,1209,133,0,0,0,0,65,81,58,67,26,119,30,0,0,0,336,17,31,10,53,112,62,9,0
250250509012,1289,148,0,0,0,35,0,0,0,110,0,45,52,0,0,31,435,19,0,161,16,176,39,22,0
250250509013,653,11,0,0,0,0,71,0,74,66,43,49,16,0,13,0,176,0,0,56,8,46,12,0,12
250250510001,1461,46,0,0,0,0,8,0,0,0,31,24,0,0,16,20,635,21,61,172,114,191,113,8,1
250250510002,796,68,0,0,0,0,0,12,9,21,0,12,29,33,0,29,187,21,57,35,55,124,104,0,0
250250510003,912,0,0,0,0,0,13,0,0,70,38,0,31,0,24,0,397,15,15,61,96,91,61,0,0
250250511011,1520,17,0,0,0,0,16,40,0,87,36,136,57,0,0,18,509,50,17,114,0,317,93,0,13
250250511012,1501,0,0,0,0,51,31,0,48,31,0,57,0,26,51,0,531,46,58,174,0,244,118,35,0
250250511013,1332,41,0,0,0,48,0,0,83,48,41,0,0,31,0,0,552,37,124,89,0,143,42,53,0
250250511014,926,41,0,0,0,0,0,0,40,0,0,4,31,0,9,5,411,4,15,66,41,134,92,0,33
250250512001,177,0,0,0,0,0,0,0,0,0,0,0,0,0,0,0,0,0,0,45,0,77,36,0,19
250250512002,1321,44,0,0,0,26,17,0,17,0,0,36,27,39,39,49,454,96,28,55,81,233,56,0,24
250250512003,790,0,0,0,0,0,0,0,0,0,0,29,0,0,18,9,98,22,5,97,59,252,109,92,0
250250601011,883,11,0,0,0,0,0,0,0,0,0,0,0,0,24,16,76,16,0,54,43,474,162,7,0
250250601012,625,0,0,0,0,0,0,0,0,0,0,0,0,0,21,0,100,10,39,48,0,330,57,9,11
250250601013,876,0,0,0,0,0,0,0,0,0,0,0,0,11,0,0,65,0,37,50,49,353,271,33,7
250250601014,695,8,0,0,0,0,0,0,5,0,9,0,0,5,18,0,66,10,0,52,57,296,100,52,17
250250602001,812,0,0,0,0,0,0,0,0,0,0,0,0,18,0,47,119,1,6,40,51,348,135,35,12
250250602002,1163,35,0,0,0,0,0,0,6,0,20,0,0,13,14,30,173,5,30,115,57,476,156,27,6
250250603011,1192,0,0,0,0,0,12,0,9,0,0,10,0,0,11,9,244,0,10,85,0,524,231,22,25
250250603012,626,0,0,0,0,0,0,0,0,0,0,0,0,0,0,9,122,0,30,30,21,346,48,20,0
250250603013,1244,0,0,0,0,0,0,0,0,0,0,62,7,28,0,20,212,17,0,59,21,530,228,41,19
250250604001,1279,0,0,0,0,0,0,0,0,0,0,0,0,14,0,0,180,30,14,0,35,704,193,109,0
250250604002,1083,0,0,0,0,0,0,0,0,0,0,0,0,0,0,0,108,11,1,39,152,524,178,0,70
250250604003,1106,0,0,0,0,0,0,0,0,0,0,13,0,0,0,10,156,17,0,130,11,700,41,13,15
250250604004,949,0,0,0,0,0,0,0,0,0,0,39,0,49,26,0,78,46,13,39,26,425,161,47,0
250250604005,790,0,0,0,0,0,0,0,0,0,6,0,0,30,5,30,164,30,9,74,54,333,23,9,23
250250605011,678,0,0,0,0,0,0,0,0,0,0,0,0,0,0,8,14,0,17,0,48,373,148,27,43
250250605012,905,0,0,0,0,0,0,0,0,0,9,0,0,0,14,8,76,32,0,47,75,486,98,12,48
250250605013,674,11,0,0,0,0,0,0,0,0,0,0,21,23,15,11,25,0,40,13,19,322,146,18,10
250250605014,663,0,0,0,0,0,0,0,0,0,0,0,24,0,0,0,46,15,0,94,40,324,88,8,24
250250605015,458,0,0,0,0,0,0,0,0,0,0,0,0,0,0,0,42,0,15,42,15,201,90,33,20
250250606001,2933,4,0,0,0,0,0,0,0,0,0,9,0,11,0,38,180,29,47,60,122,1483,627,158,165
250250607001,480,0,0,0,0,0,0,12,6,0,0,12,21,16,19,14,200,12,58,55,10,44,1,0,0
250250607002,955,73,0,0,0,31,12,25,64,12,16,57,49,62,40,17,222,46,40,85,49,51,0,0,4
250250608001,610,20,0,0,0,0,0,0,0,0,0,0,0,0,0,21,62,0,0,12,0,354,108,0,33
250250608002,762,0,0,0,0,0,0,0,0,0,0,18,0,0,0,0,140,41,0,89,1,288,185,0,0
250250608003,841,0,0,0,0,0,0,0,0,0,0,41,14,36,11,15,61,0,0,0,28,374,239,0,22
250250608004,1776,0,0,0,9,0,75,51,0,45,0,0,0,12,0,17,212,83,50,8,72,828,183,70,61
250250610001,1181,0,0,0,0,0,0,0,0,0,0,0,0,0,12,11,218,19,15,167,50,507,171,0,11
250250610002,611,7,0,0,0,0,53,13,0,0,0,19,0,29,44,17,133,62,17,141,13,63,0,0,0
250250610003,400,12,0,0,0,0,0,0,21,0,0,0,0,10,22,10,102,52,28,53,42,48,0,0,0
250250611011,299,21,0,0,0,5,13,0,0,12,0,9,0,8,19,0,40,18,14,44,13,64,19,0,0
250250611012,980,69,0,0,8,8,7,5,49,17,17,34,31,73,19,17,257,142,27,88,34,73,5,0,0
250250612001,2336,0,0,0,0,0,0,0,0,0,0,0,0,7,0,0,105,0,9,272,63,864,652,218,146
250250612002,520,0,0,0,0,0,0,0,0,26,0,0,8,0,23,0,136,0,0,0,59,221,38,9,0
250250612003,857,1,0,0,0,0,0,0,0,0,0,106,0,0,15,0,109,0,1,19,59,364,112,27,44
250250701011,943,0,0,0,0,0,0,0,0,0,0,0,0,12,0,0,20,22,14,15,14,342,285,144,75
250250701012,341,46,0,0,0,0,0,0,0,0,0,19,0,0,0,0,155,0,0,0,16,0,21,84,0
250250701013,738,0,0,0,0,0,20,0,0,0,0,22,13,0,12,0,49,29,42,13,0,390,73,11,64
250250701014,892,25,0,19,0,0,0,24,0,0,0,0,0,21,0,0,0,0,38,11,0,284,244,171,55
250250701015,186,24,0,0,0,0,0,0,0,0,0,0,59,0,0,0,0,0,0,52,0,31,20,0,0
250250701016,424,0,0,0,0,0,0,49,0,0,0,0,0,0,0,0,15,0,0,0,0,103,127,69,61
250250701017,785,78,0,0,0,0,0,0,34,23,97,0,0,0,0,0,42,0,0,31,58,255,87,62,18
250250701018,305,0,0,0,0,0,0,0,0,0,0,0,0,0,7,0,39,13,33,7,0,123,68,11,4
250250702001,806,79,0,0,0,0,0,0,13,0,96,7,7,53,0,82,146,18,9,26,0,135,55,51,29
250250702002,929,82,0,0,0,24,21,11,25,49,68,58,53,0,2,31,226,16,0,38,23,141,24,37,0
250250702003,1384,173,0,8,0,32,60,27,27,59,14,150,59,29,0,16,121,0,0,48,9,275,143,90,44
250250703001,1022,0,0,51,0,0,0,0,18,0,0,0,0,0,0,20,16,0,0,76,24,426,216,128,47
250250703002,737,0,0,0,0,0,0,0,0,0,0,0,0,0,15,0,85,0,0,0,0,273,79,241,44
250250703003,1078,24,0,0,0,0,0,0,0,0,0,0,0,0,18,0,95,0,0,184,22,302,202,110,121
250250703004,1109,0,0,0,0,0,0,0,0,0,0,0,0,0,0,0,98,20,13,0,11,404,353,158,52
250250704021,1681,149,0,0,29,0,14,7,41,43,26,38,44,8,28,42,477,19,61,94,49,237,179,39,57
250250705001,1828,0,0,0,0,0,0,0,0,11,0,24,0,0,0,13,56,0,0,22,56,853,476,184,133
250250705002,405,229,0,0,0,0,0,0,0,17,0,0,0,0,15,0,42,54,0,0,17,31,0,0,0
250250705003,1366,68,0,0,0,0,0,0,0,0,0,0,12,19,0,0,194,73,28,25,59,321,421,97,49
250250705004,1083,0,0,0,83,0,17,0,0,25,0,147,0,0,0,0,86,57,30,58,30,214,63,200,73
250250706001,922,0,0,0,0,0,0,0,0,0,0,7,0,0,0,0,37,1,22,82,9,420,212,96,36
250250706002,1074,0,0,0,0,0,0,0,0,9,0,0,0,0,0,9,24,0,13,38,0,409,337,174,61
250250707001,1022,0,0,0,0,0,0,32,0,0,0,6,0,0,54,0,78,77,13,126,28,339,172,89,8
250250707002,1252,0,0,0,0,0,0,0,0,0,0,7,14,0,0,0,110,20,73,160,12,302,333,96,125
250250708001,1340,38,0,0,0,0,0,0,0,0,0,0,0,14,0,13,203,42,58,39,69,447,180,157,80
250250708002,626,0,0,0,0,0,0,0,0,0,0,0,0,0,40,0,32,8,0,0,0,258,130,114,44
250250708003,756,0,0,0,0,0,0,0,0,0,0,0,0,0,0,0,14,0,0,146,38,144,276,50,88
250250709001,1527,17,0,0,0,0,0,0,0,0,0,43,6,15,28,0,103,28,58,122,8,496,315,137,151
250250709002,652,31,0,0,0,0,23,0,13,21,56,22,28,13,0,6,82,13,33,14,0,107,98,58,34
250250711011,1577,157,0,0,0,32,0,0,0,0,0,0,12,0,0,17,97,54,0,130,29,385,249,369,46
250250711012,1394,0,0,0,0,0,0,0,0,12,0,4,0,14,11,49,77,38,35,79,85,546,168,147,129
250250711013,660,0,0,0,0,0,46,0,0,24,0,25,4,0,0,20,25,56,12,31,18,202,145,20,32
250250712011,1822,65,0,0,0,0,0,0,19,12,10,15,14,64,73,24,196,43,49,129,80,420,334,168,107
250250712012,893,108,0,0,0,0,0,0,0,34,0,0,66,81,1,92,176,55,62,45,10,56,81,11,15
250250801001,1567,93,0,0,0,0,5,3,52,30,6,47,32,93,63,52,423,136,44,270,54,139,22,0,3
250250801002,324,5,0,0,0,0,0,11,0,0,10,8,0,1,30,1,66,24,14,12,11,93,38,0,0
250250803001,1478,29,0,0,0,0,8,10,3,11,1,7,28,52,38,30,328,62,115,242,101,341,50,13,9
250250804011,1065,63,0,0,0,12,0,9,19,0,0,10,38,19,24,24,326,50,32,102,111,97,105,15,9
250250804012,1032,0,0,0,0,0,42,0,15,20,0,13,30,0,66,29,294,33,54,103,56,197,55,17,8
250250805001,592,0,0,0,29,0,0,0,0,0,0,0,26,19,31,16,229,35,0,48,53,32,64,0,10
250250805002,1221,63,0,0,0,0,0,4,20,35,7,55,28,60,58,30,338,52,91,114,72,173,21,0,0
250250806011,450,0,0,0,0,0,0,0,0,13,0,0,0,16,35,9,100,10,12,54,30,149,17,0,5
250250806012,472,0,0,0,0,0,0,0,40,12,20,9,13,26,38,22,178,12,37,34,14,17,0,0,0
250250806013,328,2,0,0,0,0,0,0,6,21,11,0,54,13,26,0,15,20,0,56,23,62,8,11,0
250250808011,538,14,0,0,0,11,0,0,0,30,15,0,52,13,7,33,81,31,3,174,37,31,6,0,0
250250808012,1093,51,0,0,0,3,12,7,23,11,0,0,57,36,25,69,159,28,82,319,58,87,46,7,13
250250809001,1012,8,0,0,0,0,0,0,0,0,0,0,0,0,23,0,61,0,14,48,23,317,167,163,188
250250809002,604,0,0,0,0,0,0,0,0,35,0,0,0,1,22,0,90,63,13,31,21,223,96,0,9
250250809003,381,0,0,0,0,0,0,0,0,0,0,9,0,0,0,0,101,0,0,0,15,118,58,39,41
250250810011,322,0,0,0,0,0,0,0,0,0,0,0,4,0,0,7,120,0,0,6,0,36,29,59,61
250250810012,1616,139,0,0,0,18,14,13,13,105,82,64,15,103,0,50,247,0,23,209,57,338,82,30,14
250250810013,497,0,0,0,0,0,0,0,0,0,0,0,0,0,0,0,27,0,0,97,0,112,151,79,31
250250810014,449,0,0,0,0,0,0,0,0,0,0,0,0,12,15,0,118,13,33,83,34,81,60,0,0
250250811001,759,0,0,0,0,0,0,0,6,32,0,6,0,6,0,5,78,57,29,64,7,270,89,19,91
250250811002,1328,62,0,0,0,0,6,0,12,16,23,0,0,15,12,10,238,49,57,86,19,322,265,40,96
250250811003,860,0,0,0,0,0,0,0,25,0,4,0,0,4,14,0,82,5,31,62,10,301,162,48,112
250250812001,1021,88,0,0,0,0,8,0,18,17,0,48,101,29,22,80,210,95,28,132,23,94,9,9,10
250250812002,1150,17,0,0,0,0,0,0,0,41,0,0,41,0,3,0,141,0,17,194,83,386,159,56,12
250250813001,1287,144,0,0,0,37,0,0,60,4,8,115,98,17,51,20,252,97,0,106,84,177,17,0,0
250250813002,1262,0,0,0,0,120,0,0,0,51,0,0,129,25,49,33,207,0,67,267,11,232,56,0,15
250250813003,938,0,0,0,0,0,0,0,16,40,25,91,57,0,18,17,172,59,0,183,32,161,32,18,17
250250814001,675,38,0,0,0,0,0,9,8,9,0,19,10,11,10,0,127,18,35,157,30,141,23,13,17
250250814002,353,0,0,0,0,0,0,0,0,0,0,0,0,22,34,10,58,8,0,59,7,104,17,7,27
250250814003,764,0,0,0,0,0,43,0,14,0,0,0,14,2,0,20,58,24,4,125,67,243,123,19,8
250250815001,574,0,0,0,0,0,0,0,0,0,0,0,21,0,4,25,206,10,31,34,18,155,27,28,15
250250815002,968,0,0,0,0,6,16,0,0,40,0,17,0,0,84,11,263,42,29,192,44,181,23,7,13
250250817001,338,0,0,0,0,26,0,0,0,0,0,0,34,0,0,12,55,8,30,89,41,43,0,0,0
250250817002,651,0,0,0,0,0,10,12,0,26,0,18,0,63,31,30,210,32,9,133,10,26,41,0,0
250250817003,432,6,0,0,0,0,0,0,0,0,8,49,9,0,6,0,150,0,62,25,29,39,49,0,0
250250817004,428,0,0,0,0,8,0,0,43,0,24,0,32,0,41,0,87,0,16,59,21,50,37,0,10
250250817005,633,0,0,0,0,0,0,46,7,7,0,0,0,0,0,0,148,0,0,145,80,155,45,0,0
250250818001,703,9,0,0,0,0,0,70,0,14,0,0,0,24,47,0,146,54,45,54,44,141,25,6,24
250250818002,879,11,0,0,0,0,18,0,0,2,0,34,25,19,0,135,185,0,64,168,8,109,45,29,27
250250818003,573,33,0,0,0,0,51,0,0,0,0,0,0,81,0,13,110,61,36,146,26,8,8,0,0
250250819001,739,0,0,0,0,0,0,40,0,0,0,10,11,0,0,73,198,0,68,188,51,71,20,0,9
250250819002,492,0,0,0,0,0,0,11,0,0,0,0,13,9,0,7,158,36,0,174,0,70,0,0,14
250250819003,408,0,0,0,0,0,0,0,0,0,0,94,12,22,13,14,55,5,4,93,6,82,0,0,8
250250819004,571,0,0,0,0,0,0,0,12,10,0,0,47,8,40,0,112,62,0,45,46,83,62,38,6
250250820001,922,21,0,0,0,21,0,24,0,0,4,21,0,58,0,0,262,27,32,152,11,189,87,13,0
250250820002,401,11,0,0,0,0,0,0,0,0,0,0,0,0,16,0,104,35,0,91,51,77,0,0,16
250250820003,672,8,0,0,0,0,0,5,0,32,0,13,0,47,40,0,107,39,13,124,31,80,133,0,0
250250821001,429,0,0,0,0,0,0,0,0,0,18,23,0,0,0,0,207,0,0,64,102,12,3,0,0
250250821002,1159,0,0,0,0,0,0,0,15,19,64,0,15,22,99,19,505,11,0,180,48,114,48,0,0
250250821003,1775,15,0,0,0,21,0,37,0,41,0,105,36,0,45,180,457,75,50,222,86,216,78,90,21
250250901001,936,46,0,0,0,0,0,19,47,0,0,65,10,15,31,45,269,26,38,108,70,115,32,0,0
250250901002,454,14,0,0,0,0,0,0,0,0,0,0,8,25,30,9,115,34,0,133,38,37,11,0,0
250250901003,505,0,0,0,0,0,0,21,0,0,0,0,0,20,21,21,174,22,17,155,0,44,0,10,0
250250901004,667,10,0,0,0,0,0,0,0,0,0,47,19,56,108,17,114,37,11,108,24,85,31,0,0
250250901005,430,10,0,0,0,0,0,0,26,11,7,21,0,6,43,11,109,41,20,75,21,29,0,0,0
250250902001,428,25,0,0,15,8,0,0,0,0,0,0,0,0,4,52,171,0,22,89,5,32,0,5,0
250250902002,528,39,0,0,0,0,0,0,51,20,11,0,15,28,16,9,133,34,15,71,32,54,0,0,0
250250902003,489,15,0,0,0,0,0,0,0,0,9,0,16,31,25,9,158,9,15,113,7,65,17,0,0
250250903001,435,0,0,0,0,0,17,0,0,0,35,0,10,0,0,0,166,0,85,59,63,0,0,0,0
250250903002,935,0,0,0,0,97,0,25,0,9,8,34,20,54,8,32,256,58,48,136,44,69,27,0,10
250250903003,385,17,0,0,0,0,0,0,0,0,0,8,0,1,0,1,87,0,17,49,77,128,0,0,0
250250904001,360,22,0,0,9,0,0,0,0,0,15,0,38,0,41,0,147,41,0,25,0,15,0,0,7
250250904002,1393,29,0,0,0,0,0,0,0,47,28,44,21,31,19,106,314,60,8,190,203,229,64,0,0
250250904003,356,8,0,0,0,0,1,0,0,0,8,53,0,0,0,11,88,3,0,24,11,79,46,24,0
250250904004,513,37,0,0,0,0,0,0,0,85,0,0,0,0,20,36,107,14,2,44,22,36,110,0,0
250250906001,704,20,0,0,0,0,12,0,13,12,10,13,11,55,20,8,176,55,52,136,5,64,38,4,0
250250906002,858,72,0,0,0,0,0,3,0,0,31,43,21,61,28,44,226,37,18,96,32,119,24,0,3
250250907001,850,51,0,0,0,0,0,0,17,0,0,0,44,84,24,0,128,83,15,54,31,178,109,25,7
250250907002,899,21,0,0,0,16,0,0,0,0,0,44,34,51,34,18,57,35,28,99,42,347,58,15,0
250250907003,938,7,0,0,0,0,1,0,0,27,0,62,0,10,18,19,213,10,38,143,46,238,70,18,18
250250907004,473,0,0,0,0,0,0,0,0,0,6,0,0,27,29,0,156,8,0,53,28,92,47,7,20
250250909011,944,17,0,0,8,0,0,2,0,34,9,18,15,6,21,20,153,39,10,117,66,255,154,0,0
250250909012,911,6,0,0,0,0,0,0,0,6,0,23,0,0,14,0,84,8,21,91,45,239,276,52,46
250250910011,524,0,0,0,0,0,2,0,9,2,0,0,54,2,0,0,106,12,13,5,63,153,42,25,36
250250910012,764,54,0,0,0,0,22,0,0,0,0,0,0,33,7,0,109,46,20,28,64,288,54,39,0
250250910013,438,0,0,0,0,0,0,0,0,0,13,0,0,0,0,0,32,0,7,62,17,209,91,0,7
250250910014,695,0,0,0,0,0,8,0,0,0,0,0,0,0,7,9,89,34,32,35,64,228,134,47,8
250250911001,1168,0,0,0,0,0,0,0,10,0,0,0,0,21,66,67,290,51,22,22,19,422,98,59,21
250250911002,724,10,0,0,0,0,27,0,15,0,0,0,9,0,0,0,116,0,0,117,0,317,94,19,0
250250911003,570,52,0,0,0,0,0,0,0,0,0,0,9,0,19,30,113,0,28,11,45,224,25,14,0
250250911004,621,17,0,0,0,0,0,0,0,0,34,0,19,36,13,7,117,22,19,29,31,240,37,0,0
250250911005,543,1,0,0,0,0,0,0,0,0,0,0,2,2,0,20,130,0,50,36,0,161,108,33,0
250250912001,936,16,0,0,0,0,0,0,0,38,8,15,10,0,34,4,183,52,8,196,42,190,132,8,0
250250912002,817,26,0,0,0,0,5,5,32,0,5,19,12,6,14,18,165,0,20,86,40,184,153,10,17
250250912003,543,0,0,0,0,0,0,0,0,0,0,42,0,24,0,6,103,0,0,64,21,186,87,10,0
250250913001,720,37,0,0,7,0,0,36,25,25,8,18,19,10,0,37,147,15,40,69,29,170,28,0,0
250250913002,850,38,0,0,0,0,23,5,18,14,12,12,14,19,46,19,293,41,14,122,43,103,14,0,0
250250914001,1340,106,0,0,0,0,23,29,30,15,66,11,22,23,36,42,370,80,84,153,79,134,24,13,0
250250914002,764,0,0,0,21,0,0,0,0,21,25,14,8,0,42,44,197,2,41,157,23,129,40,0,0
250250915001,1363,28,0,0,0,36,0,62,9,16,41,9,8,25,0,29,516,27,34,199,27,173,69,45,10
250250915002,1333,17,0,0,0,0,0,29,16,75,29,39,24,72,37,51,478,0,58,180,40,158,30,0,0
250250915003,605,24,0,0,0,0,42,29,14,47,19,31,16,0,0,22,121,0,0,182,9,26,23,0,0
250250916001,1016,23,0,0,0,0,0,0,0,0,4,0,78,0,0,0,256,14,14,264,11,157,143,40,12
250250916002,782,47,0,0,0,0,0,0,25,12,0,25,0,0,0,68,266,0,0,183,40,116,0,0,0
250250916003,254,25,0,0,0,0,0,0,0,0,0,26,8,9,14,9,81,27,9,30,0,16,0,0,0
250250917001,801,13,0,0,11,0,0,104,9,53,38,26,29,7,4,33,138,13,36,67,38,87,95,0,0
250250917002,713,50,0,0,0,0,0,24,23,32,0,0,52,39,28,14,210,34,0,127,48,18,14,0,0
250250917003,497,0,0,0,0,0,0,0,13,18,14,0,43,27,29,30,91,47,17,107,0,50,11,0,0
250250918001,889,33,0,0,0,0,0,14,0,0,14,38,22,27,0,0,350,111,18,81,148,15,18,0,0
250250918002,964,117,0,0,0,0,0,0,66,0,0,7,0,0,43,0,403,0,32,165,50,81,0,0,0
250250918003,578,45,0,0,0,0,0,7,0,0,21,0,23,0,0,10,238,73,36,67,46,12,0,0,0
250250919001,848,10,0,0,0,0,0,0,3,40,0,0,36,104,0,0,480,12,27,13,71,38,14,0,0
250250919002,497,3,0,0,0,0,0,0,0,0,0,0,0,0,2,0,282,15,17,116,22,26,14,0,0
250250919003,962,29,0,0,0,0,21,0,0,106,14,46,21,27,7,26,327,44,0,115,142,8,29,0,0
250250919004,420,0,0,0,0,0,0,1,0,10,31,0,6,9,1,8,88,28,51,11,61,31,59,0,25
250250920001,977,63,0,0,0,0,0,0,15,9,0,0,24,24,98,38,438,13,36,58,24,55,82,0,0
250250920002,1171,40,0,0,0,0,0,0,5,47,0,7,17,61,81,20,337,11,49,270,22,146,46,0,12
250250920003,504,41,0,0,0,0,29,0,0,23,0,0,0,5,10,16,100,33,23,130,20,53,11,10,0
250250920004,706,0,0,0,0,0,0,0,12,0,8,21,34,46,15,17,263,59,23,75,35,92,0,6,0
250250921011,672,18,0,0,0,0,0,0,5,33,0,0,27,0,0,0,209,28,0,97,0,122,133,0,0
250250921012,996,175,0,0,0,0,0,0,47,0,0,4,0,105,50,11,322,16,32,101,11,69,26,0,27
250250921013,697,0,0,0,0,0,0,0,0,0,0,0,0,35,0,18,106,12,14,129,123,180,80,0,0
250250921014,708,11,0,0,0,0,19,19,0,0,0,0,3,3,0,0,231,0,15,335,50,12,0,10,0
250250921015,2246,52,0,0,0,24,0,28,41,49,0,25,95,127,123,34,851,62,36,126,104,275,194,0,0
250250922001,878,26,0,0,0,0,0,0,39,12,0,30,31,23,10,0,268,0,0,54,107,148,92,24,14
250250922002,508,0,0,0,0,0,0,0,0,0,0,0,53,0,6,0,139,12,9,62,48,107,55,8,9
250250922003,631,22,0,0,0,0,19,0,0,0,0,1,0,10,0,0,175,0,1,122,28,172,69,0,12
250250922004,350,10,0,0,0,0,0,0,10,0,0,0,0,30,0,0,57,0,24,85,0,42,51,41,0
250250923001,592,26,0,0,0,0,0,0,5,17,24,13,2,6,15,12,215,36,18,98,51,54,0,0,0
250250923002,415,0,0,0,0,0,13,0,0,6,0,10,0,21,49,0,80,16,9,96,27,74,14,0,0
250250923003,884,30,0,0,0,0,0,0,30,47,10,14,0,18,36,51,277,0,18,113,109,110,21,0,0
250250923004,360,14,0,0,0,0,14,0,0,13,18,0,32,18,15,0,101,12,19,13,27,45,19,0,0
250250924001,396,33,0,0,0,0,0,0,0,0,0,23,20,31,23,23,71,29,0,42,74,17,10,0,0
250250924002,689,0,0,0,0,0,0,0,0,0,0,17,0,57,0,26,196,22,17,122,53,165,14,0,0
250250924003,1102,60,0,0,0,0,0,0,0,16,0,43,29,21,16,39,416,70,35,199,58,73,27,0,0
250250924004,636,15,0,0,0,0,36,0,20,0,29,17,33,0,15,57,199,0,11,92,30,65,17,0,0
250250924005,584,0,0,0,0,0,0,6,0,0,0,30,0,25,39,17,253,54,0,76,34,44,6,0,0
250251001001,319,0,0,0,0,0,0,0,0,0,0,39,40,13,0,11,18,2,18,39,80,52,7,0,0
250251001002,886,0,0,0,0,0,0,0,31,0,0,0,0,0,8,0,295,65,41,234,105,107,0,0,0
250251001003,818,83,0,0,0,0,0,8,0,13,14,67,0,0,35,9,286,40,23,123,22,95,0,0,0
250251001004,534,0,0,0,16,0,0,0,0,44,0,10,0,0,10,8,261,26,17,39,42,51,10,0,0
250251001005,217,0,0,0,0,0,0,0,0,0,0,10,0,0,0,8,52,31,0,60,21,13,22,0,0
250251001006,793,0,0,0,0,8,0,0,31,0,22,36,51,55,59,36,222,23,31,175,26,10,8,0,0
250251001007,437,0,0,0,0,0,0,14,15,0,0,32,10,0,16,0,149,55,29,19,22,76,0,0,0
250251002001,747,0,0,0,0,11,17,12,0,19,5,0,61,24,15,20,208,40,51,158,18,55,29,4,0
250251002002,243,13,0,0,0,0,0,0,0,0,0,14,0,22,24,18,71,27,0,29,15,0,0,10,0
250251002003,860,38,0,0,0,0,1,0,0,12,6,30,13,10,39,23,215,86,28,189,35,123,12,0,0
250251003001,921,47,0,0,0,0,0,0,0,16,0,0,12,0,16,20,168,100,44,259,105,92,42,0,0
250251003002,732,18,0,0,0,0,0,0,0,0,12,11,0,0,0,0,301,16,29,144,71,95,35,0,0
250251003003,455,8,0,0,0,0,0,0,0,0,0,53,0,0,24,0,79,38,7,105,42,53,46,0,0
250251003004,531,0,0,0,0,0,0,0,0,0,0,20,16,16,0,74,138,34,25,38,84,12,60,14,0
250251004001,1043,26,0,0,0,0,25,0,0,40,8,70,8,36,19,49,290,28,32,26,130,119,137,0,0
250251004002,924,16,0,0,0,0,0,0,0,69,48,9,0,12,9,10,415,0,15,124,95,49,42,11,0
250251004003,641,26,0,0,0,0,0,26,10,0,19,0,0,0,51,0,196,45,52,16,125,48,12,15,0
250251004004,1149,34,0,0,21,0,0,3,0,0,38,9,12,4,19,57,304,97,77,231,52,163,28,0,0
250251005001,820,31,0,0,0,0,0,0,36,0,10,6,11,0,45,25,200,15,14,166,1,238,22,0,0
250251005002,992,0,0,0,0,0,0,0,17,0,0,0,0,38,24,1,271,70,42,132,1,130,232,34,0
250251005003,735,12,0,0,0,0,0,0,0,0,0,67,0,38,0,0,229,26,14,124,108,70,32,0,15
250251005004,1181,0,0,0,0,0,0,33,0,0,59,0,41,183,109,39,282,16,89,214,30,86,0,0,0
250251005005,1136,0,0,0,0,0,0,0,0,44,0,46,63,36,0,44,302,80,63,265,104,89,0,0,0
250251006011,868,142,0,0,0,0,18,0,0,0,0,0,0,12,0,44,202,0,44,35,125,146,99,0,1
250251006012,685,20,0,0,0,0,0,0,0,0,0,0,0,21,12,0,170,0,0,146,45,202,29,40,0
250251006013,1521,21,0,0,0,0,0,0,0,64,13,0,0,20,24,37,640,40,66,158,15,294,111,0,18
250251006014,1529,28,0,16,0,0,0,0,73,42,0,0,12,24,18,32,268,78,37,311,67,336,167,20,0
250251006031,1080,15,0,0,0,0,0,24,0,0,6,13,15,8,0,15,283,33,30,145,20,335,126,12,0
250251006032,584,9,0,6,0,0,0,0,0,0,0,0,0,2,2,7,172,26,36,56,28,173,55,7,5
250251007001,609,7,0,0,0,0,0,0,0,0,0,0,0,0,0,0,144,0,11,97,9,218,86,27,10
250251007002,889,8,0,0,0,0,55,0,0,0,61,39,0,9,44,30,338,34,23,41,39,139,28,1,0
250251007003,552,0,9,0,0,0,0,0,0,0,0,0,0,9,2,36,117,1,9,55,21,260,33,0,0
250251007004,635,25,0,0,0,0,0,0,0,0,0,0,0,0,0,0,225,28,43,43,50,195,26,0,0
250251007005,533,9,0,0,0,0,0,0,0,0,0,0,9,0,0,49,106,0,0,87,24,113,99,17,20
250251008001,564,14,0,0,0,0,0,0,0,0,0,0,0,0,0,66,90,0,0,13,0,260,121,0,0
250251008002,759,42,0,0,0,0,0,0,0,0,0,0,0,0,61,0,283,0,0,73,25,158,104,13,0
250251008003,664,0,0,0,0,0,0,0,14,0,0,0,14,0,0,44,90,15,50,57,18,161,168,33,0
250251008004,1369,0,0,0,0,0,0,0,0,0,0,0,0,35,0,0,238,88,0,62,78,614,226,0,28
250251008005,712,0,0,0,0,0,0,0,0,0,0,38,19,19,0,0,118,0,77,36,56,152,166,31,0
250251008006,906,0,0,0,0,0,0,0,0,0,0,0,14,0,0,0,130,22,119,154,117,227,78,9,36
250251009001,495,13,0,0,0,0,0,0,0,1,0,0,0,12,0,14,128,3,24,99,75,65,37,24,0
250251009002,436,12,0,0,0,0,0,0,25,0,0,0,9,26,11,0,149,8,21,80,0,81,1,13,0
250251009003,748,20,0,0,0,0,0,0,0,0,8,0,0,0,12,0,166,0,22,127,18,198,136,41,0
250251009004,508,9,0,0,0,0,0,0,0,0,13,8,0,10,0,0,89,38,25,180,21,56,59,0,0
250251009005,814,0,0,0,0,0,0,0,9,0,32,0,21,9,31,19,211,0,27,124,73,188,70,0,0
250251010011,255,0,0,0,0,0,0,0,0,0,0,0,0,0,0,0,37,0,0,72,29,100,17,0,0
250251010012,456,0,0,0,0,0,0,0,0,0,0,0,0,49,0,0,98,17,18,36,83,139,0,0,16
250251010013,502,58,0,0,0,0,0,0,16,0,0,0,0,0,0,17,244,21,28,39,63,16,0,0,0
250251010014,1190,0,0,0,0,0,0,68,0,0,0,0,0,28,71,13,400,49,0,358,73,71,59,0,0
250251010015,610,0,0,0,0,0,0,0,24,0,28,0,0,17,28,15,157,133,20,49,42,53,44,0,0
250251010016,1388,0,0,0,0,0,0,0,0,0,107,0,0,0,0,63,381,228,73,380,57,83,16,0,0
250251010021,493,0,0,0,0,0,0,0,0,11,0,18,0,0,20,87,152,0,0,73,42,74,16,0,0
250251010022,1856,56,0,0,0,0,0,0,0,0,16,15,76,49,36,57,495,96,131,267,272,247,23,20,0
250251010023,1703,34,0,0,0,16,0,0,9,0,26,51,0,106,22,34,537,41,57,299,249,96,110,0,16
250251011011,702,47,0,0,0,0,0,0,0,25,46,26,98,32,17,0,104,49,0,104,39,44,71,0,0
250251011012,877,0,0,0,0,0,0,12,10,21,0,21,10,0,29,24,265,52,21,214,81,65,52,0,0
250251011013,1000,41,0,0,0,0,0,0,0,0,27,36,55,32,0,16,417,32,20,138,37,113,36,0,0
250251011021,573,27,0,0,0,0,0,0,0,23,0,0,26,14,6,18,218,0,44,142,0,36,19,0,0
250251011022,1087,24,0,0,0,0,0,0,0,44,29,0,0,67,53,57,322,33,79,141,121,89,28,0,0
250251011023,690,14,0,0,0,0,0,0,0,17,0,0,0,41,21,40,191,18,82,164,39,50,13,0,0
250251011024,928,21,0,0,0,26,15,0,24,69,5,17,0,12,54,5,307,0,28,142,82,26,84,11,0
250251101031,713,6,0,0,0,0,0,0,0,0,0,17,0,0,0,0,7,39,0,146,77,348,40,10,23
250251101032,442,0,0,0,0,0,0,0,0,0,0,0,11,0,31,0,119,0,0,106,0,64,81,0,30
250251101033,179,0,0,0,0,0,0,0,35,0,0,16,0,0,0,0,76,16,0,0,14,22,0,0,0
250251101034,569,34,0,0,0,47,2,0,26,0,0,0,0,0,2,97,111,0,5,87,0,52,106,0,0
250251101035,1442,0,0,0,0,0,0,0,9,10,0,39,10,0,0,11,417,68,0,67,99,244,410,24,34
250251101036,713,0,0,7,0,0,0,0,0,0,0,0,0,0,0,0,117,26,0,59,32,156,272,0,44
250251101037,606,0,0,0,0,0,0,0,0,0,0,10,0,0,44,9,165,10,0,144,0,174,50,0,0
250251102011,1702,30,0,0,19,0,0,20,0,56,0,11,49,28,21,54,447,74,62,237,149,316,117,12,0
250251103011,942,0,0,0,0,0,0,0,11,0,0,0,6,7,34,23,246,22,26,188,105,146,110,13,5
250251103012,999,7,0,0,0,0,9,0,0,0,0,0,5,0,7,23,138,151,38,63,62,240,228,5,23
250251104011,1062,24,0,0,0,0,0,0,23,37,14,59,12,6,48,23,192,51,80,97,62,196,129,0,9
250251104012,1705,32,0,0,0,0,0,0,71,0,0,0,13,9,0,20,294,81,62,405,70,375,175,27,71
250251104031,846,66,0,0,0,0,0,0,0,0,0,27,40,0,0,7,181,21,69,61,59,200,96,0,19
250251104032,718,22,0,0,0,0,0,0,12,31,0,0,0,0,22,29,178,25,25,45,42,151,104,21,11
250251104033,332,0,0,0,0,0,0,0,0,0,0,0,0,0,16,0,98,0,14,17,9,54,94,6,24
250251104034,639,0,0,0,0,0,0,0,0,25,0,0,0,0,25,38,69,0,30,99,23,113,137,32,48
250251104035,613,13,0,0,0,0,0,0,0,0,0,9,0,0,9,13,154,31,20,39,69,126,67,63,0
250251105011,822,9,0,0,0,0,0,2,0,8,0,0,2,0,0,0,292,0,72,104,120,147,22,38,6
250251105012,1088,0,0,0,0,0,0,0,0,14,0,14,17,0,0,15,103,14,36,91,48,401,209,72,54
250251105013,784,0,0,0,0,0,0,0,0,0,0,0,0,0,0,7,157,0,37,14,21,389,131,28,0
250251105021,1338,0,0,0,0,0,0,0,9,0,0,0,0,0,42,10,384,66,21,177,53,290,244,17,25
250251105022,1720,26,0,0,0,35,0,12,0,0,0,12,0,24,5,85,262,50,112,183,39,388,379,36,72
250251105023,426,0,0,0,0,0,0,0,0,11,10,13,0,10,0,0,89,23,10,47,7,129,70,7,0
250251106011,1554,26,0,0,0,0,0,0,10,0,7,15,4,0,0,13,307,10,47,93,100,434,309,140,39
250251106012,780,0,0,0,0,0,0,0,0,0,0,0,0,0,0,0,40,9,67,33,27,261,230,72,41
250251106071,696,0,0,0,0,0,0,15,0,34,0,0,0,0,0,0,77,16,0,30,48,124,271,51,30
250251106072,1184,0,0,0,0,0,0,0,0,30,0,0,0,0,0,0,194,61,68,102,48,358,236,87,0
250251106073,1505,2,0,0,0,0,0,17,0,0,16,15,2,0,0,0,201,49,51,110,133,435,303,101,70
250251106074,848,15,0,0,0,0,0,0,0,7,0,0,7,0,30,31,126,29,0,125,0,207,209,29,33
250251201031,1257,9,0,0,0,0,0,6,0,0,0,7,0,0,6,0,50,6,24,18,0,289,465,234,143
250251201041,469,0,0,0,0,0,0,0,0,0,0,0,0,0,0,0,0,0,0,0,0,193,142,105,29
250251201042,617,30,0,0,0,0,15,0,0,0,0,0,0,0,0,14,107,0,50,48,41,81,129,37,65
250251201043,724,0,0,0,0,0,0,0,0,0,0,0,0,0,0,0,52,0,7,42,44,183,170,166,60
250251201051,595,0,0,0,0,0,0,0,0,0,0,5,0,0,4,0,38,1,8,55,4,194,226,36,24
250251201052,822,0,0,0,0,0,0,0,8,8,0,0,0,0,0,12,138,0,9,56,6,233,167,109,76
250251201053,465,0,0,0,0,0,0,0,5,0,0,0,0,0,0,0,50,5,17,29,13,119,106,81,40
250251202011,1085,0,0,0,0,0,0,0,8,15,0,8,12,20,0,0,74,1,16,88,72,400,263,60,48
250251202012,1534,39,0,0,0,8,0,0,0,7,0,35,19,8,30,19,223,141,43,109,19,449,257,61,67
250251202013,368,15,0,0,0,0,0,0,0,12,0,0,0,0,9,0,51,20,0,14,17,104,107,8,11
250251203011,1092,11,0,0,0,12,28,0,28,0,0,0,0,0,0,29,178,11,8,29,36,384,308,21,9
250251203012,735,10,0,0,0,0,14,0,0,60,0,0,0,10,0,41,83,63,23,61,32,199,80,48,11
250251203013,1125,10,0,0,0,0,0,0,39,15,12,15,5,5,15,18,185,17,34,164,22,259,172,79,59
250251203014,1062,0,0,0,0,0,0,0,0,0,0,11,0,18,0,22,54,0,103,81,27,403,217,101,25
250251204001,762,0,0,0,0,0,0,0,0,0,0,0,46,0,0,0,45,72,51,40,18,251,75,99,65
250251204002,772,0,0,0,0,0,0,0,0,0,0,0,0,0,0,0,0,61,0,108,64,265,106,60,108
250251204003,1012,0,0,0,0,0,0,0,0,0,0,0,0,0,0,0,30,0,0,18,0,441,282,227,14
250251204004,1332,0,0,0,0,0,7,0,0,0,0,0,5,7,0,56,42,36,15,29,35,477,399,165,59
250251204005,1351,16,0,0,0,0,0,0,0,0,0,0,0,24,0,13,144,0,16,100,43,468,211,117,199
250251205001,584,0,0,0,5,0,0,0,21,0,20,0,0,10,0,0,39,12,6,26,42,205,161,5,32
250251205002,687,6,0,0,0,0,0,0,0,0,0,0,0,0,0,0,98,62,10,52,16,296,67,42,38
250251205003,694,8,0,0,0,0,5,9,0,4,0,8,10,0,0,52,178,4,11,55,19,157,134,0,40
250251206001,522,0,0,0,0,0,0,0,0,0,9,0,0,0,0,11,29,16,20,21,11,117,45,178,65
250251206002,570,0,0,0,0,0,0,0,0,0,0,0,0,0,0,0,0,0,0,16,0,281,158,76,39
250251206003,702,0,0,0,0,0,0,0,0,0,0,0,0,0,0,43,19,6,0,12,45,304,158,54,61
250251207001,738,9,0,0,0,0,0,17,21,0,9,5,0,0,0,14,123,32,46,86,25,156,142,11,42
250251207002,1119,0,0,0,0,0,0,0,11,0,22,6,0,7,6,0,37,5,0,60,25,318,308,69,245
250251301001,807,0,0,0,0,0,22,0,0,14,0,0,13,46,0,0,48,0,62,94,26,168,285,21,8
250251301002,1323,45,0,0,0,0,0,0,0,0,0,0,0,0,0,16,55,32,44,96,97,368,351,108,111
250251301003,662,0,0,0,0,0,0,0,0,0,0,0,0,0,0,0,75,0,0,0,38,292,209,13,35
250251301004,564,0,0,0,0,0,0,0,0,0,0,0,0,0,0,14,87,14,0,181,13,146,87,0,22
250251301005,802,0,102,0,0,0,0,0,0,0,0,0,0,0,0,0,172,38,18,99,14,205,134,0,20
250251301006,203,0,0,0,0,0,0,0,0,0,0,0,2,0,7,0,65,0,0,16,2,24,47,40,0
250251301007,708,0,0,0,0,0,0,0,0,0,0,0,0,0,0,69,113,17,58,12,0,190,214,35,0
250251302001,630,0,0,0,0,0,0,0,0,9,0,0,0,2,2,9,153,0,10,21,50,219,85,24,46
250251302002,949,0,0,0,0,0,0,0,0,4,30,9,0,0,23,0,204,0,30,114,28,230,240,21,16
250251302003,1178,0,0,0,0,0,0,0,0,0,0,0,0,0,11,0,141,0,27,64,64,393,332,74,72
250251302004,478,0,0,0,0,0,0,0,0,8,0,0,0,0,0,17,65,0,10,60,11,136,113,9,49
250251302005,715,0,0,0,0,0,0,0,0,0,0,0,0,0,0,0,50,20,107,137,18,204,138,41,0
250251303001,562,0,0,0,0,0,0,0,0,10,0,0,0,0,0,0,21,32,25,30,75,156,155,26,32
250251303002,805,9,0,0,0,0,0,0,0,0,0,0,0,0,0,10,139,0,42,81,89,209,150,56,20
250251303003,542,0,0,0,0,0,0,0,0,0,0,0,0,0,0,0,88,40,23,56,0,174,133,28,0
250251303004,1035,21,0,0,0,0,0,0,0,0,0,0,0,13,35,36,160,12,0,160,82,237,212,26,41
250251303005,532,1,0,0,0,0,1,4,0,0,0,1,11,0,0,0,105,10,21,0,20,235,73,31,19
250251304021,947,0,0,0,0,0,0,0,0,14,0,0,0,0,0,15,286,48,0,89,139,109,203,22,22
250251304022,762,0,0,0,0,0,0,0,0,0,0,0,0,15,0,0,142,42,0,97,43,197,116,44,66
250251304023,737,52,0,0,0,0,0,14,0,21,0,14,0,0,0,39,239,25,21,88,34,62,109,19,0
250251304024,844,20,0,0,0,0,0,0,0,0,0,0,0,0,0,0,231,0,56,101,12,180,210,34,0
250251304025,622,0,0,0,0,0,0,0,0,0,0,0,0,0,0,15,125,16,19,67,59,187,72,26,36
250251304041,1707,67,0,0,32,0,0,0,5,16,33,6,30,37,31,64,298,51,88,221,136,351,157,18,66
250251304042,502,9,0,0,0,0,0,0,0,0,0,0,0,0,0,7,89,10,33,32,41,168,85,9,19
250251304043,366,0,0,0,0,0,0,0,0,11,0,0,0,0,0,0,141,0,0,32,16,100,66,0,0
250251304061,1443,0,0,0,0,0,0,0,0,0,0,96,37,10,83,36,229,217,107,270,75,154,129,0,0
250251304062,1871,44,13,0,0,0,0,0,26,44,0,0,0,56,49,112,193,20,85,366,81,481,228,50,23
250251304063,561,31,0,0,0,0,0,49,0,0,0,3,0,0,36,34,167,13,0,16,20,123,42,0,27
250251401021,1070,0,0,0,0,0,0,7,0,0,0,0,53,91,63,6,298,14,72,163,20,177,74,32,0
250251401022,948,49,0,0,0,0,0,0,0,0,0,8,0,9,13,30,199,78,73,154,60,206,48,11,10
250251401023,642,0,0,0,0,0,0,0,0,12,0,17,0,0,22,5,196,0,8,63,67,177,65,1,9
250251401024,1031,23,0,0,0,0,0,0,13,0,0,0,0,0,6,21,223,11,25,220,112,191,171,15,0
250251401051,2007,41,0,0,0,0,0,0,16,9,23,0,0,37,11,12,449,68,141,269,217,443,222,29,20
250251401052,858,33,0,0,0,0,0,0,0,19,21,7,0,33,28,13,125,25,41,361,74,58,20,0,0
250251401061,871,20,0,0,0,0,0,0,0,6,0,11,0,24,27,12,261,49,14,162,56,128,62,19,20
250251401062,472,24,0,0,0,0,0,24,0,7,0,0,0,25,16,6,152,36,12,98,19,37,6,0,10
250251401071,1463,36,0,0,0,0,0,0,6,0,0,8,0,60,20,19,340,23,29,230,148,307,194,13,30
250251401072,535,0,0,0,0,0,0,15,0,0,0,0,14,0,26,25,129,6,13,82,25,108,73,5,14
250251402011,778,9,0,0,0,0,21,0,0,18,4,0,6,0,22,0,247,5,81,86,72,132,60,0,15
250251402012,975,0,0,0,0,0,0,9,0,0,0,0,4,4,20,71,227,36,90,151,78,175,99,11,0
250251402021,774,0,0,0,0,0,0,0,0,0,0,0,11,8,0,10,306,12,82,75,50,140,80,0,0
250251402022,1020,20,0,0,0,0,0,0,0,0,0,30,0,10,0,29,337,6,71,136,141,221,19,0,0
250251402023,792,35,0,0,0,0,0,0,3,0,0,0,42,39,2,27,122,8,25,121,80,201,68,17,2
250251402024,1312,6,0,0,0,0,0,0,0,0,0,61,24,0,38,16,294,34,43,199,166,234,148,49,0
250251402025,586,0,0,0,0,0,9,0,0,8,0,0,0,0,0,8,128,0,36,67,48,207,62,0,13
250251403001,675,14,0,0,0,17,0,0,0,0,0,0,0,33,0,0,143,0,85,150,30,100,71,32,0
250251403002,802,0,0,0,0,0,25,0,0,0,52,17,0,0,0,31,206,97,41,42,68,204,19,0,0
250251403003,1350,27,0,0,0,0,14,0,0,0,0,0,25,73,0,22,381,123,27,261,96,257,44,0,0
250251403004,502,0,0,0,0,0,0,0,0,0,0,0,0,0,0,0,152,17,26,58,15,133,101,0,0
250251403005,952,28,0,0,0,0,0,13,3,0,0,7,0,59,0,3,228,141,35,260,75,56,44,0,0
250251403006,529,21,0,0,0,0,0,0,17,0,0,0,1,1,45,41,61,53,22,72,42,105,38,10,0
250251404001,395,18,0,0,0,39,38,0,0,0,0,0,0,0,0,14,31,151,39,49,0,16,0,0,0
250251404002,756,27,0,0,0,0,0,0,0,0,0,0,0,13,0,0,218,0,14,168,64,150,58,44,0
250251404003,1047,14,0,33,0,0,0,0,0,0,0,26,0,20,81,15,193,49,31,231,118,166,44,0,26
250251404004,343,0,0,0,0,0,0,0,0,0,0,0,0,0,9,8,62,26,0,80,66,59,12,21,0
250251404005,1303,12,0,0,0,0,0,0,0,0,0,0,0,25,66,0,527,109,12,222,93,161,45,19,12
250251404006,1522,75,0,0,0,0,0,15,19,0,17,18,23,32,16,55,451,69,112,167,36,305,62,0,50
250251404007,763,0,0,0,0,0,0,0,0,0,0,18,12,81,0,0,133,0,51,230,68,88,70,0,12
250251601011,1171,54,0,0,0,0,106,0,0,157,0,0,0,0,74,43,490,63,19,52,20,93,0,0,0
250251601012,1322,26,0,0,36,36,27,0,41,55,0,38,35,62,16,82,402,114,44,143,86,53,26,0,0
250251601013,1151,25,0,0,0,0,0,31,72,0,117,24,36,18,18,37,335,97,51,73,20,147,50,0,0
250251601014,1126,37,0,0,0,0,68,50,51,63,0,0,164,21,19,0,300,55,16,52,57,109,48,15,1
250251601015,711,65,0,0,0,16,82,0,58,0,16,0,95,0,20,0,215,59,16,69,0,0,0,0,0
250251602001,1094,15,0,0,0,36,0,0,48,95,0,21,14,39,0,23,395,98,18,114,53,125,0,0,0
250251602002,525,79,0,0,0,0,0,14,13,95,12,13,15,39,0,0,146,9,21,9,15,11,28,0,6
250251602003,1062,0,0,0,4,37,23,18,40,185,0,53,48,66,22,0,271,27,48,78,12,104,8,0,18
250251603001,1637,78,0,0,0,0,0,0,8,53,0,46,25,19,17,30,317,45,98,142,195,375,120,62,7
250251603002,423,12,0,0,0,0,6,0,0,31,0,0,33,8,0,0,76,0,47,49,17,79,30,9,26
250251604001,1006,56,0,0,0,0,37,21,10,32,29,0,72,23,13,5,192,19,46,70,36,170,145,0,30
250251604002,1151,174,0,0,0,24,36,10,0,24,15,54,9,33,8,7,396,62,57,88,32,52,70,0,0
250251605011,1217,69,10,0,0,15,21,31,21,77,50,22,88,73,29,0,233,83,13,73,56,127,91,11,24
250251605012,588,58,0,0,0,0,0,8,0,33,0,38,0,52,24,8,197,28,25,74,7,7,13,16,0
250251605013,236,25,0,0,0,0,19,0,9,0,0,8,0,0,0,0,57,13,41,11,10,43,0,0,0
250251605014,762,67,0,0,0,48,0,60,0,26,20,0,0,11,32,10,264,18,11,109,19,41,17,0,9
250251605015,606,15,0,0,0,0,0,23,50,17,0,28,23,25,0,0,208,31,58,45,11,44,17,11,0
250251605021,1295,90,0,0,0,0,0,0,0,46,37,17,21,2,2,0,517,40,37,143,10,176,137,0,20
250251605022,1318,115,0,0,0,0,0,12,0,0,0,44,101,17,115,0,364,61,26,94,225,89,55,0,0
250251605023,575,0,0,0,0,0,0,0,28,11,0,30,0,0,87,0,236,13,17,62,0,41,9,23,18
250251606011,1713,56,0,0,16,28,13,0,9,21,0,64,58,45,0,26,313,78,47,291,63,380,160,31,14
250251606012,1633,93,0,0,0,0,41,37,11,64,8,79,30,18,23,32,564,78,31,210,66,118,97,22,11
250251606021,1102,35,18,0,0,0,0,0,30,3,27,65,50,20,31,12,343,59,16,114,49,186,28,0,16
250251606022,523,39,0,0,0,0,0,0,0,0,0,0,0,0,11,0,217,24,11,109,38,19,34,5,16
250251606023,475,14,0,0,0,0,14,0,0,0,0,0,0,27,0,0,202,5,10,48,12,111,32,0,0
250251606024,633,46,0,0,0,11,27,0,35,91,28,0,2,10,10,5,212,30,9,43,15,9,50,0,0
250251606025,790,24,0,0,0,0,20,0,14,16,23,29,0,0,11,0,342,16,38,52,93,34,61,17,0
250251701001,951,11,0,0,0,0,0,0,81,0,0,0,35,0,36,0,273,60,74,142,52,108,79,0,0
250251701002,975,12,0,0,0,0,0,0,0,0,45,0,0,0,95,19,462,12,78,111,57,53,31,0,0
250251701003,563,35,0,0,0,0,0,0,0,0,0,0,0,16,51,25,163,19,33,101,22,43,55,0,0
250251701004,481,0,0,0,0,0,0,0,0,0,0,0,12,0,0,0,247,0,11,64,32,69,30,0,16
250251701005,911,22,0,0,0,0,0,0,45,0,0,0,12,14,0,19,285,79,47,187,0,147,40,0,14
250251701006,468,0,0,0,0,0,15,0,0,0,0,19,0,0,0,18,192,15,11,96,0,85,17,0,0
250251701007,826,0,0,0,0,0,0,0,0,72,53,0,0,11,24,0,426,40,13,44,91,39,13,0,0
250251702001,718,9,0,0,0,0,0,0,13,28,9,8,21,10,7,23,237,23,95,98,60,77,0,0,0
250251702002,1452,79,0,0,0,63,0,0,38,51,0,0,24,11,10,0,584,30,22,302,14,201,7,0,16
250251702003,406,0,0,0,0,0,20,0,0,0,0,0,0,0,0,1,160,12,0,55,37,97,24,0,0
250251702004,1006,90,0,0,0,0,28,10,18,47,10,0,0,15,0,12,315,62,66,155,17,105,45,11,0
250251703001,1399,20,0,0,0,0,0,0,0,0,0,0,0,0,0,34,297,99,78,100,40,390,310,15,16
250251703002,671,0,0,0,0,0,3,0,0,0,0,8,3,0,48,0,336,14,37,99,0,103,0,20,0
250251703003,541,119,0,0,0,0,0,0,0,0,0,0,0,0,0,96,133,14,36,38,42,23,28,12,0
250251703004,1493,49,27,0,0,0,15,0,66,0,20,0,70,66,53,16,272,19,75,298,100,238,93,0,16
250251703005,1258,109,0,0,0,0,0,0,0,0,0,0,26,0,0,13,671,58,65,94,97,84,20,0,21
250251703006,953,72,0,0,0,23,0,0,44,0,52,24,0,0,0,0,390,95,0,78,15,91,44,25,0
250251703007,499,0,0,0,0,0,8,0,41,0,0,0,0,0,0,16,234,69,26,19,23,49,14,0,0
250251704001,946,0,0,0,0,0,0,0,0,0,0,0,15,30,20,16,438,42,34,80,57,97,117,0,0
250251704002,856,29,0,0,0,0,0,0,0,0,0,13,0,0,0,0,336,22,0,91,72,240,40,13,0
250251704003,896,121,0,0,0,0,0,16,51,0,15,55,0,0,28,55,356,0,0,17,37,116,15,14,0
250251704004,1919,0,0,0,0,0,0,0,13,16,0,17,0,15,12,52,891,40,34,276,185,183,185,0,0
250251705011,1494,17,0,0,27,0,0,0,0,7,0,0,60,27,0,10,336,44,65,208,241,261,131,21,39
250251705012,1060,11,0,0,0,0,0,0,0,0,0,0,90,72,15,54,268,40,40,111,52,151,119,7,30
250251705021,809,0,0,0,0,0,29,0,30,0,0,0,0,28,0,6,199,8,39,98,25,263,42,23,19
250251705022,1457,6,0,0,0,0,0,0,0,0,0,13,0,8,36,22,578,74,106,119,171,208,70,46,0
250251706011,1057,75,0,0,0,13,0,0,0,8,0,8,59,14,31,9,302,79,23,40,127,200,69,0,0
250251706012,1264,30,0,0,0,0,40,0,28,0,27,9,9,0,46,8,425,46,32,211,82,233,38,0,0
250251706013,925,50,0,0,0,0,7,0,20,37,0,0,0,35,0,9,252,24,63,142,104,103,57,0,22
250251706014,979,9,0,0,0,0,0,18,0,61,0,0,132,12,52,7,445,2,29,61,21,88,24,0,18
250251707011,646,23,0,0,0,0,0,0,0,0,0,46,23,0,27,6,192,41,17,116,18,97,15,16,9
250251707012,990,38,0,0,0,7,0,0,9,24,7,18,18,7,21,26,317,39,14,144,43,107,141,10,0
250251707021,754,15,0,0,0,0,0,0,0,0,0,55,91,19,0,0,316,19,45,111,51,2,30,0,0
250251707022,830,0,0,0,0,0,0,13,15,10,0,65,0,39,8,0,251,32,9,56,21,137,167,0,7
250251707023,1256,289,0,0,0,0,0,0,93,74,0,0,11,0,0,39,459,14,103,57,0,93,24,0,0
250251707024,965,77,0,0,0,0,82,0,59,0,19,0,0,0,0,0,378,61,73,136,27,53,0,0,0
250251707025,779,10,0,0,0,107,45,0,0,0,0,37,23,0,0,0,244,19,25,109,66,94,0,0,0
250251708001,1358,211,0,0,0,0,0,0,0,32,130,64,23,13,30,30,397,9,73,117,23,180,26,0,0
250251708002,802,0,0,0,0,0,0,0,16,0,39,0,0,0,0,0,242,37,118,180,15,83,72,0,0
250251708003,737,91,0,0,0,0,0,0,0,0,11,67,1,0,0,0,366,18,16,139,0,28,0,0,0
250251708004,1132,29,0,0,0,0,16,0,0,101,0,0,0,28,0,16,365,82,20,278,68,102,12,15,0
250251801011,1053,0,0,0,0,0,10,0,0,0,0,17,0,0,0,28,200,27,117,213,68,187,161,10,15
250251801012,1050,0,0,0,0,0,0,0,0,0,0,0,0,0,0,0,296,25,58,169,34,324,144,0,0
250251801013,1800,32,0,0,0,0,0,0,0,0,20,0,79,16,58,32,648,16,45,200,165,302,129,58,0
250251802001,885,45,0,0,0,0,0,0,0,0,0,18,0,0,0,12,314,23,79,164,72,146,12,0,0
250251802002,490,0,0,0,0,0,0,0,0,0,8,0,15,1,21,0,237,10,22,51,9,85,12,11,8
250251802003,577,0,0,0,0,0,0,8,0,0,0,0,0,0,0,9,226,24,55,55,35,78,77,10,0
250251802004,1039,0,0,0,0,0,0,0,0,7,0,0,0,35,16,0,294,22,40,118,85,309,93,20,0
250251803011,487,4,0,0,0,0,0,0,0,0,3,0,0,0,0,0,160,0,8,10,45,223,34,0,0
250251803012,672,23,0,0,0,0,0,0,0,0,0,0,0,0,16,0,153,0,8,95,51,183,119,24,0
250251803013,491,0,0,0,0,0,0,0,0,0,7,0,0,0,0,0,104,0,28,83,16,145,86,22,0
250251803014,605,0,0,0,0,0,0,0,0,0,0,0,0,0,0,20,68,0,16,68,65,251,77,32,8
250251804001,704,9,0,0,0,0,0,0,0,7,7,0,6,0,4,7,185,14,52,61,30,229,73,20,0
250251804002,757,16,0,0,0,0,0,0,0,7,0,0,0,18,0,6,128,43,47,154,53,149,107,21,8
250251805001,1143,8,0,0,0,0,0,0,0,0,0,0,9,18,44,0,418,36,54,131,148,204,44,20,9
250251805002,434,0,0,0,0,0,0,0,0,0,0,0,0,0,0,0,123,0,15,25,28,110,90,0,43
250251805003,828,7,0,0,0,0,0,0,0,0,0,0,11,19,0,0,369,16,57,141,56,91,42,8,11
250251805004,895,10,0,0,0,0,0,0,0,0,0,0,0,7,0,0,150,12,72,208,115,195,83,43,0
250259801011,312,0,0,0,0,0,0,0,0,0,0,11,14,0,21,5,47,58,20,106,2,24,4,0,0
250259803001,324,7,0,0,0,0,0,6,9,0,9,18,23,39,12,18,72,21,6,71,0,13,0,0,0
250259807001,8,0,0,0,0,0,0,0,0,0,0,0,0,0,0,0,0,0,0,0,4,4,0,0,0
250259810001,0,0,0,0,0,0,0,0,0,0,0,0,0,0,0,0,0,0,0,0,0,0,0,0,0
250259811001,0,0,0,0,0,0,0,0,0,0,0,0,0,0,0,0,0,0,0,0,0,0,0,0,0
250259811002,0,0,0,0,0,0,0,0,0,0,0,0,0,0,0,0,0,0,0,0,0,0,0,0,0
250259811003,0,0,0,0,0,0,0,0,0,0,0,0,0,0,0,0,0,0,0,0,0,0,0,0,0
250259811004,292,0,0,0,0,0,0,0,0,0,0,5,9,9,0,13,75,36,4,77,22,34,0,4,4
250259812011,0,0,0,0,0,0,0,0,0,0,0,0,0,0,0,0,0,0,0,0,0,0,0,0,0
250259812021,63,0,0,0,0,0,0,0,0,0,0,0,0,0,0,0,0,0,0,26,14,23,0,0,0
250259813001,0,0,0,0,0,0,0,0,0,0,0,0,0,0,0,0,0,0,0,0,0,0,0,0,0
250259813002,330,0,0,0,0,0,0,0,5,0,0,0,0,0,0,0,20,0,6,22,13,153,67,30,14
250259815011,0,0,0,0,0,0,0,0,0,0,0,0,0,0,0,0,0,0,0,0,0,0,0,0,0
250259815021,4,0,0,0,0,0,0,0,0,0,0,0,4,0,0,0,0,0,0,0,0,0,0,0,0
250259816001,0,0,0,0,0,0,0,0,0,0,0,0,0,0,0,0,0,0,0,0,0,0,0,0,0
250259817001,0,0,0,0,0,0,0,0,0,0,0,0,0,0,0,0,0,0,0,0,0,0,0,0,0
250259818001,22,0,0,0,0,0,0,0,0,0,0,0,0,0,0,0,0,0,0,0,0,9,7,6,0
250259901010,23,0,0,0,0,0,0,0,0,0,0,0,0,0,0,0,23,0,0,0,0,0,0,0,0
