Id2,Income
250250001001,43125
250250001002,99500
250250001003,133333
250250001004,95255
250250002011,75855
250250002012,123077
250250002013,75833
250250002014,81500
250250002021,79435
250250002022,90699
250250002023,96293
250250002024,30417
250250003011,129250
250250003012,142500
250250003013,122045
250250003014,60234
250250003021,91968
250250003022,84375
250250004011,74306
250250004012,111172
250250004013,110368
250250004014,11334
250250004021,51447
250250004022,84375
250250004023,88281
250250005021,64917
250250005022,51635
250250005023,44531
250250005024,0
250250005031,67578
250250005032,61333
250250005041,44798
250250005042,28164
250250005043,77321
250250005044,13886
250250006011,127500
250250006012,57448
250250006013,64500
250250006014,55556
250250006021,48333
250250006022,37095
250250006023,17981
250250007011,59414
250250007012,0
250250007013,78438
250250007014,61146
250250007015,59089
250250007031,40377
250250007032,32113
250250007041,60152
250250007042,60441
250250007043,74286
250250007044,0
250250008021,29569
250250008022,48409
250250008023,79688
250250008024,52396
250250008025,21906
250250008031,67647
250250008032,0
250250101031,30888
250250101032,0
250250101033,30781
250250101041,100089
250250101042,92115
250250101043,35125
250250102031,18826
250250102032,0
250250102033,53068
250250102034,0
250250102041,32672
250250102042,50313
250250102043,42625
250250103001,15750
250250103002,69514
250250104031,17527
250250104032,32143
250250104033,100074
250250104041,24141
250250104042,32188
250250104043,0
250250104051,0
250250104052,27917
250250104053,14856
250250104081,65893
250250105001,52212
250250105002,42375
250250105003,51318
250250106001,100060
250250106002,80938
250250107011,93056
250250107012,122000
250250107013,94205
250250107021,136719
250250107022,121806
250250107023,131250
250250108011,105833
250250108012,125625
250250108013,99904
250250108021,103400
250250108022,135625
250250108023,130694
250250201011,149464
250250201012,79939
250250201013,142014
250250201014,120833
250250202001,63455
250250202002,98393
250250202003,89712
250250203011,12464
250250203012,121750
250250203021,94531
250250203031,112955
250250203032,155238
250250203033,56036
250250301001,87639
250250301002,102417
250250302001,88690
250250303001,99712
250250303002,123182
250250303003,103776
250250303004,185461
250250304001,84803
250250304002,89595
250250305001,124881
250250305002,109276
250250305003,100320
250250401001,144276
250250401002,154301
250250402001,20625
250250402002,125417
250250403001,14365
250250403002,139125
250250403003,121908
250250403004,130455
250250403005,128750
250250404011,0
250250404012,123375
250250406001,125039
250250406002,157757
250250408011,11789
250250408012,19955
250250408013,119052
250250501011,55170
250250501012,22237
250250501013,49613
250250502001,47000
250250502002,47112
250250502003,51194
250250502004,68389
250250503001,60565
250250503002,13125
250250504001,62266
250250504002,54737
250250505001,56726
250250506001,45188
250250506002,100061
250250507001,47438
250250507002,60395
250250507003,64010
250250509011,58056
250250509012,60647
250250509013,41894
250250510001,65625
250250510002,24196
250250510003,48833
250250511011,103594
250250511012,40735
250250511013,68214
250250511014,67000
250250512001,0
250250512002,59013
250250512003,73750
250250601011,155438
250250601012,95694
250250601013,121250
250250601014,111750
250250602001,111957
250250602002,113929
250250603011,122823
250250603012,92813
250250603013,87938
250250604001,103698
250250604002,132059
250250604003,89583
250250604004,93563
250250604005,101775
250250605011,129844
250250605012,100446
250250605013,101958
250250605014,114857
250250605015,148021
250250606001,151250
250250607001,22375
250250607002,17452
250250608001,102917
250250608002,96016
250250608003,117024
250250608004,104962
250250610001,107125
250250610002,15129
250250610003,20625
250250611011,27083
250250611012,11762
250250612001,161328
250250612002,71429
250250612003,104375
250250701011,139519
250250701012,25594
250250701013,0
250250701014,106750
250250701015,181154
250250701016,0
250250701017,23438
250250701018,0
250250702001,0
250250702002,21511
250250702003,23625
250250703001,136336
250250703002,106750
250250703003,62440
250250703004,165321
250250704021,25750
250250705001,182415
250250705002,11176
250250705003,119360
250250705004,20987
250250706001,124856
250250706002,180341
250250707001,108438
250250707002,96042
250250708001,67708
250250708002,92926
250250708003,106213
250250709001,81250
250250709002,38750
250250711011,71378
250250711012,120880
250250711013,16496
250250712011,124250
250250712012,18750
250250801001,31067
250250801002,36250
250250803001,39190
250250804011,46607
250250804012,15164
250250805001,20750
250250805002,25600
250250806011,23438
250250806012,18750
250250806013,10114
250250808011,23920
250250808012,29508
250250809001,49302
250250809002,55000
250250809003,61438
250250810011,0
250250810012,16027
250250810013,70536
250250810014,28490
250250811001,52308
250250811002,29292
250250811003,76000
250250812001,17568
250250812002,63462
250250813001,15813
250250813002,0
250250813003,16806
250250814001,32734
250250814002,46250
250250814003,37857
250250815001,45606
250250815002,25048
250250817001,18958
250250817002,0
250250817003,39559
250250817004,33802
250250817005,60870
250250818001,36584
250250818002,31910
250250818003,18594
250250819001,38393
250250819002,14132
250250819003,0
250250819004,21466
250250820001,32418
250250820002,46350
250250820003,31776
250250821001,0
250250821002,18108
250250821003,22031
250250901001,17882
250250901002,31111
250250901003,39899
250250901004,30875
250250901005,31389
250250902001,36012
250250902002,19764
250250902003,32727
250250903001,30962
250250903002,26827
250250903003,0
250250904001,29722
250250904002,34102
250250904003,0
250250904004,69728
250250906001,47781
250250906002,36500
250250907001,44817
250250907002,77404
250250907003,44344
250250907004,85000
250250909011,29083
250250909012,24223
250250910011,90676
250250910012,0
250250910013,89766
250250910014,82568
250250911001,102559
250250911002,57292
250250911003,72875
250250911004,66449
250250911005,78565
250250912001,73519
250250912002,50769
250250912003,114375
250250913001,31438
250250913002,30909
250250914001,40625
250250914002,55556
250250915001,62292
250250915002,53250
250250915003,35069
250250916001,56050
250250916002,51528
250250916003,0
250250917001,44375
250250917002,41905
250250917003,38214
250250918001,33000
250250918002,41389
250250918003,35461
250250919001,31686
250250919002,57813
250250919003,42188
250250919004,91786
250250920001,46571
250250920002,61932
250250920003,52802
250250920004,50380
250250921011,60714
250250921012,0
250250921013,98500
250250921014,34079
250250921015,49457
250250922001,83548
250250922002,100085
250250922003,62379
250250922004,0
250250923001,41250
250250923002,25985
250250923003,51786
250250923004,46417
250250924001,54821
250250924002,32500
250250924003,38264
250250924004,15809
250250924005,21140
250251001001,9730
250251001002,53826
250251001003,42900
250251001004,57688
250251001005,29125
250251001006,16136
250251001007,12326
250251002001,52083
250251002002,36736
250251002003,38079
250251003001,38500
250251003002,56875
250251003003,67292
250251003004,38173
250251004001,0
250251004002,132697
250251004003,54625
250251004004,38090
250251005001,0
250251005002,90350
250251005003,0
250251005004,34225
250251005005,43798
250251006011,94904
250251006012,78307
250251006013,62673
250251006014,62813
250251006031,95278
250251006032,85066
250251007001,79375
250251007002,32548
250251007003,107625
250251007004,74744
250251007005,91696
250251008001,153068
250251008002,41163
250251008003,96641
250251008004,64136
250251008005,0
250251008006,86473
250251009001,44205
250251009002,51921
250251009003,78750
250251009004,64353
250251009005,73448
250251010011,0
250251010012,42633
250251010013,40938
250251010014,0
250251010015,63583
250251010016,42331
250251010021,17478
250251010022,40273
250251010023,49656
250251011011,49063
250251011012,65606
250251011013,57946
250251011021,43684
250251011022,45458
250251011023,60357
250251011024,41165
250251101031,100962
250251101032,0
250251101033,21111
250251101034,47241
250251101035,104430
250251101036,97394
250251101037,0
250251102011,43235
250251103011,65278
250251103012,92545
250251104011,50469
250251104012,67750
250251104031,40703
250251104032,78810
250251104033,101875
250251104034,109861
250251104035,102292
250251105011,54009
250251105012,85000
250251105013,114141
250251105021,91393
250251105022,80319
250251105023,0
250251106011,93438
250251106012,129688
250251106071,118984
250251106072,108839
250251106073,79466
250251106074,109667
250251201031,136161
250251201041,110917
250251201042,41518
250251201043,92692
250251201051,160282
250251201052,168125
250251201053,99286
250251202011,82375
250251202012,52806
250251202013,80972
250251203011,92727
250251203012,78293
250251203013,86392
250251203014,84750
250251204001,79722
250251204002,84177
250251204003,137938
250251204004,119615
250251204005,57778
250251205001,69091
250251205002,103264
250251205003,51875
250251206001,101776
250251206002,108182
250251206003,115592
250251207001,94300
250251207002,86711
250251301001,106172
250251301002,76701
250251301003,123299
250251301004,113173
250251301005,77818
250251301006,81625
250251301007,141546
250251302001,111528
250251302002,105035
250251302003,104250
250251302004,142386
250251302005,101597
250251303001,158000
250251303002,103319
250251303003,113750
250251303004,93214
250251303005,119901
250251304021,63990
250251304022,38191
250251304023,89167
250251304024,112273
250251304025,0
250251304041,52634
250251304042,87344
250251304043,83263
250251304061,33855
250251304062,57725
250251304063,83063
250251401021,0
250251401022,63667
250251401023,73984
250251401024,93289
250251401051,91321
250251401052,67473
250251401061,43750
250251401062,31029
250251401071,67318
250251401072,69500
250251402011,46174
250251402012,100391
250251402021,85345
250251402022,48107
250251402023,94485
250251402024,80625
250251402025,120556
250251403001,0
250251403002,64058
250251403003,0
250251403004,0
250251403005,0
250251403006,63788
250251404001,45402
250251404002,87537
250251404003,73875
250251404004,50662
250251404005,82153
250251404006,56442
250251404007,66979
250251601011,72750
250251601012,63158
250251601013,60938
250251601014,80993
250251601015,38506
250251602001,56528
250251602002,35650
250251602003,55182
250251603001,48125
250251603002,85167
250251604001,59643
250251604002,39762
250251605011,47788
250251605012,48094
250251605013,77917
250251605014,19506
250251605015,44583
250251605021,70000
250251605022,46250
250251605023,21364
250251606011,51652
250251606012,71515
250251606021,63259
250251606022,77143
250251606023,72650
250251606024,22143
250251606025,62717
250251701001,46250
250251701002,71956
250251701003,65441
250251701004,59076
250251701005,54188
250251701006,83015
250251701007,48075
250251702001,23516
250251702002,67634
250251702003,45474
250251702004,80313
250251703001,81774
250251703002,53671
250251703003,53144
250251703004,85417
250251703005,67181
250251703006,45333
250251703007,36730
250251704001,45959
250251704002,54329
250251704003,48448
250251704004,60027
250251705011,47083
250251705012,40833
250251705021,96198
250251705022,35074
250251706011,72845
250251706012,69797
250251706013,60583
250251706014,47431
250251707011,33000
250251707012,53333
250251707021,0
250251707022,0
250251707023,78875
250251707024,63421
250251707025,50823
250251708001,67056
250251708002,0
250251708003,41000
250251708004,106114
250251801011,63036
250251801012,58365
250251801013,32692
250251802001,82601
250251802002,71000
250251802003,73654
250251802004,67738
250251803011,79138
250251803012,98017
250251803013,78125
250251803014,109722
250251804001,61786
250251804002,115938
250251805001,61473
250251805002,93125
250251805003,64219
250251805004,74010
250259801011,0
250259803001,0
250259807001,0
250259810001,0
250259811001,0
250259811002,0
250259811003,0
250259811004,36023
250259812011,0
250259812021,0
250259813001,0
250259813002,111750
250259815011,0
250259815021,0
250259816001,0
250259817001,0
250259818001,250000
250259901010,0
250173001001,87188
250173001002,99856
250173011011,81974
250173011012,71667
250173011013,73790
250173011021,101106
250173011022,115050
250173011023,78150
250173101001,19083
250173101002,32188
250173101003,29929
250173102001,81993
250173102002,0
250173102003,51232
250173102004,46809
250173102005,77132
250173103001,37134
250173103002,0
250173103003,0
250173103004,51287
250173103005,53750
250173104001,26767
250173104002,41738
250173104003,46042
250173105001,58906
250173105002,54472
250173105003,47045
250173106011,37358
250173106012,83347
250173106013,80536
250173106021,51518
250173106022,72770
250173106023,0
250173106024,63718
250173107001,39013
250173107002,36250
250173107003,40337
250173111001,45000
250173111002,50972
250173112001,40590
250173112002,48077
250173113001,26000
250173113002,57404
250173113003,82411
250173114001,40083
250173114002,88125
250173114003,40211
250173114004,41797
250173115001,81250
250173115002,34760
250173115003,68750
250173116001,93750
250173116002,80000
250173116003,59750
250173116004,32339
250173116005,0
250173117001,69464
250173117002,54250
250173117003,49122
250173117004,70667
250173118001,43415
250173118002,34375
250173119001,27196
250173119002,19338
250173120001,43167
250173120002,51806
250173121001,0
250173121002,79085
250173121003,36068
250173122001,73063
250173122002,54329
250173122003,47143
250173122004,66625
250173123001,70789
250173123002,55889
250173123003,69982
250173124001,15972
250173124002,39803
250173125011,90972
250173125012,115179
250173125013,66042
250173125021,63911
250173125022,112717
250173125023,77589
250173131011,81063
250173131012,128750
250173131013,187765
250173131021,90000
250173131022,64847
250173131023,105401
250173131024,141250
250173141011,76705
250173141012,118125
250173141013,79844
250173141021,85677
250173141022,82083
250173141023,88594
250173141024,67083
250173141025,46827
250173142001,0
250173142002,97407
250173142003,93618
250173143011,138259
250173143012,0
250173143013,120000
250173143014,92295
250173143015,57361
250173143021,114886
250173143022,126833
250173151001,109612
250173151002,89919
250173152001,95180
250173152002,90750
250173152003,97926
250173152004,89276
250173154011,69856
250173154012,60845
250173154021,114356
250173154022,111583
250173154031,111458
250173154032,100833
250173155001,101250
250173155002,110268
250173155003,80781
250173155004,111667
250173155005,88512
250173155006,86786
250173161011,104886
250173161012,94737
250173161013,105156
250173161021,117500
250173161022,123389
250173161023,106750
250173161024,72339
250173162011,126250
250173162012,100050
250173162013,88884
250173162021,115521
250173162022,109531
250173162023,87361
250173163001,66641
250173163002,140469
250173163003,120236
250173163004,100786
250173163005,113816
250173163006,0
250173164001,84375
250173164002,82143
250173164003,81705
250173164004,103523
250173164005,124028
250173164006,0
250173165001,106893
250173165002,64375
250173165003,71250
250173165004,94136
250173165005,117500
250173171011,101875
250173171012,75563
250173171013,119460
250173171014,105086
250173171021,109783
250173171022,115282
250173171023,104688
250173171031,156429
250173171032,109896
250173171033,125327
250173172011,151250
250173172012,125250
250173172021,102250
250173172022,145163
250173172031,167845
250173172032,98094
250173172033,84583
250173173011,77009
250173173012,0
250173173021,64375
250173173022,65174
250173173023,86172
250173181001,143519
250173181002,100093
250173181003,107639
250173181004,134615
250173182001,135372
250173182002,100196
250173183001,194375
250173183002,109926
250173183003,172750
250173183004,156367
250173184001,151919
250173184002,151750
250173201021,181667
250173201022,117727
250173201023,166680
250173201031,165815
250173201041,163250
250173201042,191601
250173201043,93542
250173211001,85813
250173211002,86528
250173211003,103882
250173212001,65271
250173212002,66037
250173212003,90125
250173213001,44375
250173213002,60488
250173213003,0
250173213004,105102
250173213005,67647
250173213006,48578
250173214001,94615
250173214002,84688
250173215001,75280
250173215002,51346
250173215003,88088
250173216001,97902
250173216002,76845
250173216003,91250
250173216004,81172
250173221001,111944
250173221002,141974
250173221003,80556
250173221004,118704
250173222001,58942
250173222002,104583
250173223001,67216
250173223002,67000
250173223003,56250
250173224001,107188
250173224002,65439
250173224003,97969
250173231001,143672
250173231002,159904
250173231003,115739
250173231004,159049
250173241011,153472
250173241012,105563
250173241013,98558
250173241021,175938
250173241022,125735
250173241023,78393
250173251001,111946
250173251002,71000
250173251003,70586
250173251004,77691
250173251005,48993
250173251006,80147
250173251007,73457
250173261011,155268
250173261012,123929
250173261021,125774
250173261022,102310
250173261023,123889
250173271011,127739
250173271012,123472
250173271021,53077
250173271022,92375
250173271023,74931
250173271031,101591
250173271032,32054
250173271033,87059
250173281001,138250
250173281002,140417
250173301001,191339
250173301002,118750
250173301003,152955
250173301004,181293
250173301005,130417
250173302001,121688
250173302002,125357
250173302003,99051
250173302004,76667
250173311011,95446
250173311012,108654
250173311021,104911
250173311022,103583
250173311023,108906
250173311024,105800
250173312001,134167
250173312002,100278
250173313001,101750
250173313002,125964
250173313003,134653
250173321001,136053
250173321002,111214
250173321003,129728
250173321004,121833
250173322001,87546
250173322002,103347
250173322003,122650
250173322004,119375
250173323001,90859
250173323002,149338
250173323003,97284
250173323004,74321
250173323005,91488
250173324001,115573
250173324002,90588
250173331001,68068
250173331002,93333
250173331003,75034
250173331004,107543
250173331005,125929
250173332001,88828
250173332002,70051
250173332003,49043
250173332004,79215
250173333001,55431
250173333002,64063
250173333003,62383
250173334001,84375
250173334002,99302
250173334003,102153
250173334004,78462
250173334005,104353
250173335011,117813
250173335012,98924
250173335013,107188
250173335021,55560
250173335022,86141
250173336001,74135
250173336002,77212
250173336003,77212
250173336004,97614
250173336005,106827
250173336006,70208
250173341001,130838
250173341002,163487
250173341003,108650
250173342001,122031
250173342002,127794
250173342003,43611
250173342004,109205
250173343001,152679
250173343002,145352
250173343003,113155
250173343004,144934
250173344001,150774
250173344002,90156
250173344003,86298
250173344004,104688
250173344005,67188
250173351001,101375
250173351002,108036
250173351003,53835
250173351004,62708
250173351005,139583
250173351006,133393
250173352001,114402
250173352002,73417
250173352003,119706
250173352004,61250
250173352005,116029
250173353011,89602
250173353012,78333
250173353013,82137
250173353021,62358
250173353022,96154
250173353023,83625
250173354001,118056
250173354002,111500
250173354003,83073
250173354004,118281
250173361001,119010
250173361002,43299
250173361003,130250
250173361004,116563
250173361005,200859
250173361006,49245
250173362001,68309
250173362002,122381
250173362003,210813
250173362004,101750
250173362005,115703
250173362006,111833
250173362007,137171
250173363001,153837
250173363002,72390
250173363003,145417
250173363004,173750
250173363005,113380
250173363006,98580
250173363007,89545
250173364011,45652
250173364012,74650
250173364013,60385
250173364021,72946
250173364022,73056
250173364023,40692
250173364024,99265
250173371011,139286
250173371012,58347
250173371021,84861
250173371022,106406
250173371023,86111
250173372011,64250
250173372012,120644
250173372013,82539
250173372021,114135
250173372022,72203
250173372023,76083
250173372024,91954
250173373001,83289
250173373002,129226
250173373003,96111
250173373004,89174
250173373005,90800
250173381001,199167
250173381002,146550
250173382001,94107
250173382002,117917
250173383001,161111
250173383002,119861
250173383003,131719
250173384001,183056
250173384002,245096
250173384003,213523
250173384004,160893
250173385001,180729
250173385002,250000
250173385003,224531
250173385004,70455
250173391001,147198
250173391002,103833
250173391003,52120
250173391004,28125
250173391005,168750
250173392001,152903
250173392002,132500
250173392003,106989
250173392004,89265
250173392005,163214
250173392006,160023
250173393001,25667
250173393002,85673
250173393003,90200
250173394001,96591
250173394002,104167
250173394003,97578
250173394004,59306
250173395001,137273
250173395002,51921
250173395003,64444
250173395004,96406
250173396001,0
250173396002,64769
250173396003,93110
250173396004,100841
250173396005,96570
250173396006,48908
250173397001,76477
250173397002,50479
250173397003,71927
250173397004,36944
250173398011,89718
250173398012,62733
250173398013,85685
250173398014,104028
250173398021,82153
250173398022,56833
250173398023,131071
250173399001,63798
250173399002,0
250173399003,90227
250173399004,98159
250173399005,66421
250173400001,49138
250173400002,83750
250173400003,87411
250173401001,65676
250173401002,78622
250173401003,132083
250173401004,109083
250173401005,101117
250173401006,140592
250173411011,96771
250173411012,59879
250173411013,86029
250173411021,36319
250173411022,49583
250173411023,66080
250173411024,25729
250173411025,100577
250173412001,62292
250173412002,100256
250173412003,54659
250173412004,120428
250173412005,44228
250173412006,72969
250173413001,67379
250173413002,0
250173413003,31827
250173414001,58977
250173414002,51146
250173414003,80710
250173414004,64643
250173414005,65833
250173415001,71806
250173415002,43686
250173415003,52198
250173415004,65904
250173415005,46944
250173416001,0
250173416002,79700
250173416003,68021
250173416004,0
250173416005,0
250173416006,82455
250173417001,110093
250173417002,73229
250173417003,62661
250173417004,36176
250173417005,73750
250173418001,110581
250173418002,18393
250173418003,69758
250173418004,72946
250173418005,52693
250173418006,27083
250173419011,70536
250173419012,64000
250173419021,99250
250173419022,62426
250173419023,54844
250173419024,78860
250173419025,67885
250173419026,77833
250173421011,50150
250173421012,0
250173421013,39120
250173421014,46979
250173421021,0
250173421022,66563
250173421023,46781
250173421024,29261
250173422011,55321
250173422012,56641
250173422021,68259
250173422022,60300
250173423001,74833
250173423002,59973
250173423003,56576
250173423004,75083
250173424001,34443
250173424002,61127
250173424003,99395
250173424004,68404
250173424005,23647
250173425001,55556
250173425002,82794
250173425003,40427
250173426001,63750
250173426002,48355
250173426003,62361
250173501031,0
250173501032,85893
250173501041,67381
250173501042,22607
250173501043,74898
250173501044,35199
250173502001,119012
250173502002,79609
250173502003,85550
250173502004,101625
250173502005,75114
250173502006,73409
250173503001,73777
250173503002,72344
250173503003,69722
250173504001,122400
250173504002,116375
250173504003,126731
250173504004,89038
250173504005,102765
250173505001,106979
250173505002,109333
250173506001,0
250173506002,96300
250173506003,108750
250173506004,165795
250173507001,42730
250173507002,0
250173507003,114524
250173507004,22153
250173507005,77250
250173507006,128977
250173508001,123409
250173508002,128000
250173509001,139762
250173509002,142054
250173509003,119688
250173510001,89464
250173510002,60809
250173510003,87153
250173510004,112353
250173510005,147105
250173510006,101447
250173511001,111339
250173511002,70069
250173511003,101136
250173511004,91635
250173511005,101932
250173512031,116875
250173512032,69000
250173512033,91766
250173512034,95000
250173512041,85833
250173512042,71375
250173512043,93000
250173513001,99632
250173513002,50228
250173513003,109000
250173514031,58485
250173514032,65395
250173514033,41250
250173514034,88250
250173514035,0
250173514041,75982
250173514042,53750
250173514043,63900
250173514044,73636
250173515001,0
250173515002,77604
250173521011,132143
250173521012,90132
250173521021,104808
250173521022,83021
250173522001,39184
250173523001,85787
250173523002,124861
250173524001,118194
250173524002,38466
250173525001,81786
250173525002,103837
250173526001,78906
250173526002,61085
250173527001,66607
250173527002,49837
250173527003,157778
250173528001,92000
250173528002,98750
250173529001,79730
250173529002,131614
250173530001,0
250173530002,61927
250173530003,34444
250173530004,85893
250173531011,98958
250173531012,99688
250173531021,0
250173531022,103859
250173531023,0
250173532001,121369
250173532002,0
250173532003,133224
250173533001,115694
250173533002,112438
250173533003,95769
250173534001,80833
250173534002,82660
250173535001,87125
250173535002,81746
250173536001,60921
250173536002,117794
250173536003,125197
250173536004,116528
250173536005,43472
250173537001,73243
250173537002,83636
250173537003,0
250173537004,0
250173537005,50278
250173538001,91827
250173538002,61792
250173538003,80379
250173538004,93284
250173539001,44149
250173539002,40139
250173539003,0
250173540001,108516
250173540002,75469
250173540003,54968
250173541001,141417
250173541002,131528
250173541003,88542
250173541004,167625
250173542001,161845
250173542002,121667
250173542003,186944
250173543001,62500
250173543002,120048
250173543003,92564
250173544001,144500
250173544002,137500
250173545001,57292
250173545002,136458
250173545003,98200
250173546001,53785
250173546002,179390
250173546003,91250
250173546004,78864
250173547001,93935
250173547002,115357
250173548001,129107
250173548002,120515
250173549001,99063
250173549002,35075
250173549003,143219
250173550001,131838
250173550002,72829
250173550003,85313
250173561001,123750
250173561002,106951
250173561003,149934
250173563001,48939
250173563002,54409
250173563003,138816
250173563004,110395
250173563005,118750
250173563006,105813
250173564001,150526
250173564002,74821
250173564003,199250
250173564004,155066
250173564005,0
250173564006,155245
250173564007,122841
250173564008,128021
250173565001,161618
250173565002,140685
250173565003,74327
250173565004,115804
250173565005,86429
250173565006,138826
250173566011,78862
250173566012,113750
250173566013,174792
250173566014,113906
250173566021,83000
250173566022,168056
250173566023,166406
250173566024,152000
250173567011,71713
250173567012,96553
250173567013,90517
250173567014,70859
250173567015,83750
250173567016,94333
250173567021,83929
250173567022,204313
250173567023,60882
250173567024,106576
250173567025,138462
250173567026,132578
250173567027,94286
250173571001,188750
250173571002,70457
250173571003,113482
250173571004,130329
250173572001,129453
250173572002,206250
250173572003,146458
250173572004,207794
250173573001,244625
250173573002,111375
250173573003,112321
250173574001,163750
250173574002,185208
250173574003,132750
250173575001,138036
250173575002,87321
250173575003,133125
250173576001,66603
250173576002,87292
250173577001,96607
250173577002,45481
250173577003,111806
250173577004,70288
250173578001,182955
250173578002,158875
250173578003,224464
250173578004,69559
250173581001,246346
250173581002,138977
250173581003,200000
250173581004,113500
250173583001,141141
250173583002,185962
250173584001,162813
250173584002,61563
250173584003,123125
250173584004,159050
250173585001,180000
250173585002,77750
250173585003,186250
250173586001,210278
250173586002,109141
250173586003,212153
250173586004,149265
250173586005,155750
250173586006,215417
250173587001,179267
250173587002,179688
250173587003,155417
250173591001,142813
250173591002,106042
250173591003,107250
250173591004,105357
250173593001,159091
250173593002,73125
250173593003,129297
250173593004,138500
250173593005,159063
250173601001,93534
250173602001,156250
250173602002,208949
250173602003,140962
250173602004,142435
250173611001,139943
250173611002,0
250173611003,119833
250173611004,139762
250173611005,162134
250173612001,90341
250173612002,156136
250173612003,139531
250173613001,151484
250173613002,205795
250173613003,126250
250173613004,193304
250173613005,112212
250173621001,161518
250173621002,183750
250173631021,84485
250173631022,122083
250173631023,128977
250173631031,130625
250173631032,142083
250173631041,158661
250173631042,192500
250173631043,122199
250173631044,104844
250173632011,112750
250173632012,182750
250173632013,191500
250173632021,166667
250173632022,116188
250173632023,142045
250173641011,91027
250173641012,0
250173641013,102389
250173641021,96000
250173641022,92500
250173641023,82750
250173641024,101161
250173651001,203750
250173651002,167237
250173651003,171250
250173651004,158500
250173652011,169205
250173652012,175100
250173652013,238611
250173652014,173824
250173652021,106836
250173652022,143864
250173652023,180735
250173661001,119500
250173661002,159583
250173661003,128021
250173661004,126429
250173661005,132250
250173662011,222083
250173662012,250000
250173662021,172857
250173662022,166632
250173662023,210655
250173671001,250000
250173671002,189531
250173671003,178083
250173671004,224861
250173672001,217988
250173672002,185625
250173672003,250000
250173672004,197039
250173672005,140703
250173672006,212750
250173672007,139333
250173681011,92917
250173681012,93656
250173681013,127898
250173681014,124107
250173681021,115431
250173681022,144500
250173682001,116350
250173682002,0
250173682003,110750
250173682004,93828
250173683001,49726
250173683002,77917
250173683003,76250
250173683004,62190
250173683005,78125
250173684001,66000
250173684002,125375
250173684003,66720
250173684004,124654
250173684005,125809
250173685001,60536
250173685002,0
250173685003,45417
250173686001,91134
250173686002,78667
250173686003,0
250173686004,83566
250173686005,82692
250173687001,70938
250173687002,54622
250173688001,0
250173688002,56845
250173688003,67462
250173688004,89549
250173688005,49333
250173689011,0
250173689012,113864
250173689013,62697
250173689014,104773
250173689021,72723
250173689022,66765
250173689023,91685
250173690001,97566
250173691001,89934
250173691002,88875
250173691003,134167
250173691004,105313
250173691005,142083
250173701011,114196
250173701012,110804
250173701013,119659
250173701014,70341
250173701021,123712
250173701022,80000
250173701023,82569
250173701024,82480
250173701025,94181
250173702011,115441
250173702012,98750
250173702013,109338
250173702021,128333
250173702022,58947
250173702023,113750
250173702024,101111
250173703001,0
250173703002,88618
250173703003,113487
250173703004,98348
250173703005,63681
250173703006,67478
250173703007,58125
250173704001,110655
250173704002,94129
250173704003,83819
250173704004,104391
250173704005,85000
250173704006,63179
250173731001,87159
250173731002,0
250173731003,48950
250173731004,159958
250173731005,136731
250173732001,55625
250173732002,82917
250173732003,88813
250173732004,95682
250173733001,144071
250173733002,70469
250173733003,133250
250173734001,121304
250173734002,135625
250173735001,199904
250173735002,0
250173735003,88750
250173735004,214375
250173736001,158000
250173736002,211250
250173736003,202500
250173737001,214688
250173737002,194545
250173737003,230125
250173737004,250000
250173738001,177554
250173738002,90000
250173738003,83487
250173738004,250000
250173739001,105995
250173739002,248451
250173739003,172054
250173739004,143682
250173740001,138529
250173740002,119219
250173740003,145792
250173741001,111806
250173741002,105000
250173741003,93542
250173742001,133194
250173742002,184063
250173742003,185469
250173743001,247269
250173743002,186500
250173743003,250000
250173744001,250000
250173744002,211250
250173744003,210933
250173744004,157353
250173744005,250000
250173745001,0
250173745002,86964
250173745003,106406
250173745004,84191
250173745005,196063
250173746001,132625
250173746002,110438
250173746003,121653
250173746004,114643
250173747001,123125
250173747002,114250
250173748001,127128
250173748002,86793
250173748003,110795
250173821001,121938
250173821002,106518
250173821003,130698
250173821004,124904
250173821005,106250
250173822001,83750
250173822002,147833
250173822003,75543
250173822004,114808
250173823001,62460
250173823002,139167
250173823003,220179
250173823004,142333
250173824001,96250
250173824002,86515
250173824003,137941
250173825001,128750
250173825002,68750
250173825003,100615
250173826011,62500
250173826012,58920
250173826013,100139
250173826021,79167
250173826022,142500
250173826023,130417
250173826024,77721
250173831011,31023
250173831012,36411
250173831021,39531
250173831022,31960
250173832001,61250
250173832002,108240
250173832003,71074
250173832004,74067
250173833001,38750
250173833002,82727
250173834001,60152
250173834002,57857
250173834003,39286
250173834004,110508
250173835011,79167
250173835012,19111
250173835013,81905
250173835021,89722
250173835022,76333
250173836001,103229
250173836002,61667
250173836003,92882
250173836004,89375
250173837001,0
250173837002,131563
250173837003,0
250173837004,112308
250173838001,115268
250173838002,115022
250173838003,110878
250173838004,106466
250173838005,144444
250173839011,94803
250173839012,102210
250173839013,93984
250173839014,108897
250173839015,114196
250173839016,85333
250173839021,172721
250173839022,149844
250173839023,113906
250173840011,121964
250173840021,37440
250173840022,103167
250173840023,83564
250173851001,122036
250173851002,145234
250173851003,45988
250173852011,68493
250173852012,66719
250173852021,97016
250173852022,182563
250173852023,111047
250173852024,113750
250173861001,189583
250173861002,163542
250173861003,171458
250173871001,110000
250173871002,86806
250173871003,121250
250173871004,99844
250173872011,113506
250173872012,64432
250173872013,135962
250173872014,178750
250173872021,151607
250173872022,142639
250173872023,122250
250173881001,124340
250173881002,159050
250173881003,52359
250173882001,65985
250173882002,92727
250173882003,59390
250173883001,10983
250173883002,30050
250173883003,12500
250173883004,34688
250179800001,0
250214001001,106318
250214001002,82554
250214001003,121122
250214001004,132215
250214002001,0
250214002002,72263
250214002003,121641
250214003001,129875
250214003002,110329
250214003003,166563
250214004001,81397
250214004002,113500
250214004003,108611
250214005001,130548
250214005002,90338
250214005003,163571
250214006001,89762
250214006002,125495
250214006003,175750
250214007001,131726
250214007002,159118
250214007003,145417
250214008001,114565
250214008002,126509
250214008003,68616
250214009001,66250
250214009002,16446
250214009003,108571
250214010001,127155
250214010002,155156
250214010003,57625
250214011001,133977
250214011002,175962
250214011003,181296
250214012001,150583
250214012002,180078
250214012003,113780
250214012004,138125
250214021011,74700
250214021012,94286
250214021013,83472
250214021014,90595
250214021021,82083
250214021022,86140
250214021023,45893
250214021024,93125
250214022001,85417
250214022002,90227
250214023001,94438
250214023002,127600
250214023003,102969
250214024001,62125
250214024002,157132
250214024003,176181
250214024004,89563
250214024005,146518
250214024006,71953
250214025001,102857
250214025002,103036
250214031001,217344
250214031002,177019
250214031003,111042
250214031004,190179
250214031005,124250
250214031006,159875
250214031007,202679
250214033001,118250
250214033002,164125
250214033003,203036
250214034001,186094
250214034002,145547
250214034003,45625
250214034004,130583
250214034005,61736
250214035001,117321
250214035002,99250
250214035003,180417
250214041001,119479
250214041002,129071
250214041003,183879
250214042011,250000
250214042012,250000
250214042013,181786
250214042014,86827
250214042021,160625
250214042022,180000
250214042023,201375
250214043011,250000
250214043012,246765
250214043013,211250
250214043014,175556
250214043015,250000
250214043021,167885
250214043022,162391
250214043023,127969
250214044001,101146
250214044002,250000
250214044003,250000
250214044004,141250
250214044005,153365
250214051001,193482
250214051002,184875
250214051003,241932
250214051004,191818
250214061011,103438
250214061012,244609
250214061013,140515
250214061021,178393
250214061022,118462
250214061023,225263
250214061024,174432
250214071001,151250
250214071002,83319
250214071003,76286
250214071004,95938
250214071005,108594
250214081011,139816
250214081012,94453
250214081013,153902
250214081014,109853
250214081021,97188
250214081022,102857
250214081023,104306
250214081024,117443
250214091011,154044
250214091012,108571
250214091013,114559
250214091021,121295
250214091022,163281
250214101001,98158
250214101002,57241
250214101003,88220
250214101004,142847
250214103001,107052
250214103002,102500
250214104001,119554
250214104002,147759
250214104003,173438
250214104004,80119
250214104005,60846
250214111001,93733
250214111002,128896
250214111003,78269
250214111004,77000
250214111005,107206
250214112001,127734
250214112002,142500
250214112003,112143
250214112004,74946
250214113011,155288
250214113012,77974
250214113013,107092
250214113021,112019
250214113022,150380
250214113023,49292
250214121001,99231
250214121002,163281
250214121003,151419
250214121004,181313
250214122001,175179
250214122002,118510
250214123001,157656
250214123002,209453
250214123003,122667
250214123004,130417
250214131001,111293
250214131002,100743
250214131003,90804
250214131004,70125
250214131005,66691
250214132001,58403
250214132002,114097
250214132003,75405
250214132004,54280
250214133001,102516
250214133002,119766
250214133003,122031
250214134011,52768
250214134012,94722
250214134013,91750
250214134021,101838
250214134022,82361
250214134023,106010
250214135001,111204
250214135002,79141
250214135003,82552
250214141001,121714
250214141002,120227
250214141003,138170
250214141004,101176
250214142001,129866
250214142002,183125
250214142003,175268
250214142004,185188
250214143001,118824
250214143002,77917
250214143003,106637
250214151011,125921
250214151012,110357
250214151021,102064
250214151022,67826
250214151023,90341
250214151024,81469
250214151025,75524
250214152001,74622
250214152002,85128
250214153001,128015
250214153002,113194
250214161011,221167
250214161012,140885
250214161013,220547
250214161014,42589
250214161021,70750
250214161022,163897
250214162001,90878
250214162002,99247
250214162003,183327
250214162004,74883
250214162005,115917
250214162006,108167
250214162007,100855
250214163001,175357
250214163002,132829
250214163003,140278
250214163004,159261
250214163005,0
250214164001,0
250214164002,138750
250214164003,113920
250214164004,0
250214164005,159883
250214164006,124271
250214164007,160278
250214171001,97734
250214171002,95956
250214171003,104917
250214171004,111083
250214171005,90750
250214172001,71118
250214172002,54352
250214172003,100904
250214172004,55259
250214172005,103568
250214172006,91364
250214172007,95455
250214173001,74598
250214173002,103125
250214174001,117083
250214174002,0
250214174003,76429
250214175011,87557
250214175012,87318
250214175013,74867
250214175014,86518
250214175021,75625
250214175022,84620
250214175023,55417
250214175024,72014
250214176011,87525
250214176012,69826
250214176013,42010
250214176014,53417
250214176021,86452
250214176022,90741
250214176023,48750
250214177011,72153
250214177012,48274
250214177013,78750
250214177014,26136
250214177021,123194
250214177022,73750
250214177023,88750
250214178011,110714
250214178012,104055
250214178013,132734
250214178014,88750
250214178015,105463
250214178021,50278
250214178022,16655
250214179011,70238
250214179012,42955
250214179013,56094
250214179014,34932
250214179015,76250
250214179021,87667
250214179022,51061
250214179023,57875
250214180021,82875
250214180022,81838
250214180023,89574
250214180024,66000
250214180025,78516
250214180031,78674
250214180041,73625
250214180042,64635
250214180043,56029
250214181011,105449
250214181012,66176
250214181013,58802
250214181021,87250
250214181022,50909
250214182001,67857
250214182002,64203
250214182003,64773
250214182004,110941
250214191001,96827
250214191002,49966
250214191003,89468
250214191004,78750
250214192001,92045
250214192002,0
250214192003,110156
250214192004,109076
250214193001,41103
250214193002,79286
250214193003,44167
250214193004,123500
250214194001,90385
250214194002,103409
250214194003,70625
250214195001,91250
250214195002,91000
250214196001,111908
250214196002,81442
250214196003,113417
250214196004,115481
250214197001,87969
250214197002,91612
250214198001,89318
250214198002,52300
250214198003,87045
250214201001,111875
250214201002,91296
250214201003,93582
250214201004,81016
250214201005,37763
250214202011,105625
250214202012,59500
250214202021,90588
250214202022,55870
250214202023,73665
250214203011,37143
250214203012,83239
250214203013,50840
250214203014,109063
250214203021,0
250214203022,37120
250214203023,85893
250214203024,80724
250214203025,60781
250214211001,52940
250214211002,62529
250214211003,85934
250214211004,92596
250214212001,48190
250214212002,69813
250214212003,116635
250214212004,60299
250214212005,0
250214221001,93214
250214221002,84737
250214221003,92063
250214221004,76842
250214222001,123185
250214222002,92188
250214222003,81875
250214222004,125640
250214222005,61526
250214222006,93472
250214223011,109028
250214223012,104389
250214223021,114750
250214223022,77553
250214223023,72026
250214223024,81667
250214223025,95294
250214224001,52738
250214224002,63889
250214224003,91250
250214224004,97841
250214224005,72969
250214225011,70573
250214225012,45148
250214225013,103317
250214225014,70294
250214225021,39928
250214225022,49479
250214225023,44590
250214225024,54896
250214226001,76580
250214226002,63594
250214226003,64276
250214226004,108333
250214226005,0
250214226006,85313
250214226007,147604
250214227001,64737
250214227002,63272
250214227003,88036
250214227004,79167
250214228001,68750
250214228002,105556
250214228003,0
250214228004,75333
250214231001,80789
250214231002,151172
250214231003,104345
250214231004,176484
250214231005,104926
250214231006,250000
250214401001,49615
250214401002,93790
250214401003,101771
250214401004,98824
250214401005,91667
250214412021,150268
250214412031,93194
250214412032,103194
250214412041,100577
250214412042,99167
250214421011,121477
250214421012,104394
250214421013,89722
250214421014,84932
250214421021,72880
250214421022,134038
250214421023,182315
250214421024,144911
250214421031,111406
250214421032,187566
250214421033,144013
250214422011,106438
250214422012,187202
250214422021,69167
250214422022,50032
250214422023,146450
250214422024,170789
250214431011,94145
250214431012,78833
250214431013,128569
250214431014,80417
250214431021,98155
250214431022,123287
250214431023,119412
250214431024,89167
250214431025,60167
250214561011,118491
250214561012,107500
250214561021,59188
250214561022,103801
250214561023,61891
250214562001,71098
250214562002,92969
250214563011,38333
250214563012,50909
250214563021,54402
250214563022,0
250214563023,96111
250214563024,38583
250214564011,70552
250214564012,98466
250214564021,123529
250214564022,97147
250214564023,116375
250214564024,105119
250214571001,65724
250214571002,91048
250214571003,47308
250214571004,90865
250214572001,159667
250214572002,140000
250214572003,121989
250214572004,172279
250214572005,160000
