Id2,Total,White alone,Black or African American alone,American Indian and Alaska Native alone,Asian alone,Native Hawaiian and Other Pacific Islander alone,Some other race alone,Two or more races,Two or more races,"Two races excluding Some other race, and three or more races"
250250001001,2086,848,108,0,706,0,403,21,10,11
250250001002,918,639,30,0,126,0,123,0,0,0
250250001003,536,467,25,0,35,0,0,9,9,0
250250001004,1128,739,111,0,177,0,73,28,0,28
250250002011,1225,916,58,0,189,0,54,8,0,8
250250002012,624,543,0,0,73,0,0,8,0,8
250250002013,1334,1195,51,0,61,0,0,27,27,0
250250002014,674,466,89,0,70,0,19,30,0,30
250250002021,1262,1126,70,0,51,0,10,5,0,5
250250002022,992,831,37,0,118,0,0,6,0,6
250250002023,929,571,58,0,285,0,15,0,0,0
250250002024,799,241,171,0,16,0,347,24,0,24
250250003011,679,384,54,0,143,0,98,0,0,0
250250003012,974,844,29,0,101,0,0,0,0,0
250250003013,590,446,78,0,66,0,0,0,0,0
250250003014,662,395,9,0,124,0,125,9,0,9
250250003021,1593,1101,135,0,215,61,62,19,12,7
250250003022,1792,1157,252,0,318,0,45,20,0,20
250250004011,1211,988,0,0,183,0,16,24,0,24
250250004012,828,674,0,0,125,0,0,29,0,29
250250004013,1084,868,18,0,130,0,0,68,0,68
250250004014,1989,1096,48,0,800,0,15,30,0,30
250250004021,1069,783,58,0,147,0,0,81,0,81
250250004022,935,638,13,0,221,0,10,53,26,27
250250004023,1427,1154,22,0,188,0,0,63,0,63
250250005021,1014,951,0,11,46,0,0,6,0,6
250250005022,783,666,35,0,82,0,0,0,0,0
250250005023,1250,1132,28,0,67,0,10,13,0,13
250250005024,2834,2172,63,0,428,0,35,136,45,91
250250005031,789,583,0,15,62,0,0,129,0,129
250250005032,1334,1121,40,0,91,0,39,43,8,35
250250005041,1178,911,8,56,119,0,0,84,0,84
250250005042,1433,1127,29,0,199,0,0,78,0,78
250250005043,1213,978,28,0,165,0,29,13,0,13
250250005044,625,475,41,22,87,0,0,0,0,0
250250006011,810,618,26,0,101,0,0,65,15,50
250250006012,1315,752,37,0,431,0,84,11,0,11
250250006013,617,522,24,14,49,0,0,8,0,8
250250006014,1058,749,36,0,156,0,106,11,0,11
250250006021,1338,804,80,0,357,0,36,61,0,61
250250006022,1010,702,45,11,137,0,84,31,0,31
250250006023,1548,583,300,0,261,0,404,0,0,0
250250007011,685,461,37,8,118,0,16,45,0,45
250250007012,515,238,126,25,121,0,5,0,0,0
250250007013,582,358,153,31,27,0,0,13,0,13
250250007014,719,497,13,0,157,39,0,13,0,13
250250007015,1795,1330,21,0,409,0,0,35,6,29
250250007031,862,406,67,0,351,0,21,17,9,8
250250007032,1064,723,34,0,264,0,28,15,0,15
250250007041,1653,1024,101,6,328,0,162,32,0,32
250250007042,764,465,54,0,215,0,17,13,0,13
250250007043,1139,643,14,0,451,0,0,31,0,31
250250007044,1026,141,256,0,345,0,244,40,21,19
250250008021,1046,727,49,0,135,0,101,34,0,34
250250008022,1666,1058,158,0,173,0,226,51,0,51
250250008023,665,353,9,0,53,0,216,34,0,34
250250008024,1515,1065,81,16,256,0,78,19,0,19
250250008025,1706,1008,56,0,422,0,172,48,17,31
250250008031,2622,1644,261,7,575,0,35,100,31,69
250250008032,3635,2430,292,0,666,0,78,169,58,111
250250101031,1071,607,35,0,300,0,13,116,19,97
250250101032,1148,579,66,1,431,0,53,18,0,18
250250101033,1495,1043,43,0,252,0,44,113,8,105
250250101041,1279,1071,27,0,122,0,37,22,0,22
250250101042,2522,1694,56,0,529,0,111,132,0,132
250250101043,1090,670,27,0,199,0,36,158,0,158
250250102031,1177,986,5,0,82,0,89,15,0,15
250250102032,1973,1326,17,0,493,0,94,43,0,43
250250102033,1674,1018,76,0,537,0,32,11,0,11
250250102034,350,302,0,0,48,0,0,0,0,0
250250102041,1301,883,19,17,317,9,29,27,2,25
250250102042,1343,875,35,0,363,0,22,48,8,40
250250102043,710,410,0,0,244,0,39,17,17,0
250250103001,1394,1068,79,12,109,0,103,23,13,10
250250103002,3995,2969,254,5,502,4,136,125,30,95
250250104031,1005,623,205,7,143,0,27,0,0,0
250250104032,967,606,57,0,178,0,126,0,0,0
250250104033,897,633,35,19,136,0,0,74,0,74
250250104041,1915,1229,125,6,451,18,65,21,0,21
250250104042,1676,1083,54,5,430,0,53,51,15,36
250250104043,1543,1049,91,0,303,0,42,58,0,58
250250104051,3056,2194,261,0,357,5,65,174,48,126
250250104052,2300,1609,169,0,280,9,136,97,9,88
250250104053,725,334,162,0,195,0,23,11,5,6
250250104081,1381,990,42,0,308,0,16,25,6,19
250250105001,1038,679,53,0,191,0,53,62,0,62
250250105002,1233,835,8,0,293,0,75,22,0,22
250250105003,1120,774,215,0,78,0,53,0,0,0
250250106001,2061,1498,168,15,380,0,0,0,0,0
250250106002,1066,812,160,0,94,0,0,0,0,0
250250107011,1135,953,7,5,121,0,0,49,0,49
250250107012,734,665,18,0,51,0,0,0,0,0
250250107013,837,596,13,0,121,0,89,18,0,18
250250107021,806,748,26,7,20,0,0,5,0,5
250250107022,770,645,13,0,71,0,13,28,0,28
250250107023,1011,969,19,0,23,0,0,0,0,0
250250108011,865,663,51,0,136,0,6,9,0,9
250250108012,1226,1161,14,0,15,0,13,23,11,12
250250108013,1113,1060,0,0,36,0,0,17,0,17
250250108021,1078,903,14,0,108,0,24,29,0,29
250250108022,1502,1373,28,0,75,0,13,13,0,13
250250108023,581,567,0,0,14,0,0,0,0,0
250250201011,738,592,41,0,0,0,0,105,0,105
250250201012,972,888,0,0,76,0,0,8,0,8
250250201013,1631,1506,0,0,125,0,0,0,0,0
250250201014,1569,1460,12,0,63,0,0,34,0,34
250250202001,1350,1078,103,0,120,0,25,24,0,24
250250202002,1158,980,35,0,111,0,32,0,0,0
250250202003,1279,1197,0,0,54,0,0,28,0,28
250250203011,413,247,12,0,154,0,0,0,0,0
250250203012,1942,1550,32,0,269,0,9,82,7,75
250250203021,1054,980,0,0,54,0,0,20,0,20
250250203031,960,718,9,0,211,0,9,13,0,13
250250203032,1343,789,295,7,100,0,131,21,0,21
250250203033,1515,932,96,0,195,0,250,42,0,42
250250301001,1422,1363,0,0,59,0,0,0,0,0
250250301002,833,820,0,0,0,0,13,0,0,0
250250302001,1697,1599,28,0,33,0,13,24,0,24
250250303001,2187,1861,86,0,225,0,0,15,0,15
250250303002,1453,1188,142,0,42,0,64,17,0,17
250250303003,1252,928,201,22,47,0,34,20,0,20
250250303004,690,518,0,0,172,0,0,0,0,0
250250304001,1541,1445,3,0,73,0,20,0,0,0
250250304002,1206,1122,21,0,0,0,24,39,0,39
250250305001,663,580,13,0,58,0,0,12,0,12
250250305002,1082,971,2,0,35,0,25,49,0,49
250250305003,827,724,0,0,42,0,22,39,27,12
250250401001,1062,1032,0,0,22,0,0,8,0,8
250250401002,1403,1392,0,0,11,0,0,0,0,0
250250402001,917,219,399,0,7,0,147,145,6,139
250250402002,1007,921,0,0,86,0,0,0,0,0
250250403001,869,248,137,0,354,0,96,34,8,26
250250403002,1284,1209,0,0,43,0,0,32,12,20
250250403003,568,519,0,0,24,0,0,25,0,25
250250403004,700,653,0,0,22,0,0,25,0,25
250250403005,771,756,0,0,8,0,0,7,0,7
250250404011,2078,1748,26,0,130,0,134,40,0,40
250250404012,675,609,0,0,37,0,0,29,0,29
250250406001,1153,913,108,0,68,0,1,63,0,63
250250406002,1928,1805,0,0,77,0,18,28,0,28
250250408011,1250,274,732,0,11,0,153,80,0,80
250250408012,896,134,235,0,387,0,100,40,0,40
250250408013,2340,2222,22,0,67,0,15,14,0,14
250250501011,1968,1213,51,215,132,0,109,248,0,248
250250501012,1486,699,136,14,67,0,224,346,0,346
250250501013,1905,1327,20,0,42,0,58,458,56,402
250250502001,2286,1362,55,56,39,0,45,729,96,633
250250502002,1292,708,68,0,105,0,104,307,0,307
250250502003,1054,444,85,0,39,0,11,475,35,440
250250502004,1493,902,14,0,84,0,111,382,0,382
250250503001,649,388,27,0,0,0,94,140,21,119
250250503002,1639,950,321,0,153,0,36,179,5,174
250250504001,570,449,8,0,10,0,16,87,4,83
250250504002,1990,1531,24,0,16,0,175,244,45,199
250250505001,2502,1885,42,0,53,0,40,482,17,465
250250506001,1334,968,39,0,20,0,12,295,0,295
250250506002,1075,576,145,0,25,0,14,315,0,315
250250507001,2798,1259,0,0,0,0,79,1460,21,1439
250250507002,1503,731,68,0,51,0,35,618,0,618
250250507003,1293,593,0,0,25,0,125,550,0,550
250250509011,1565,1004,20,0,30,0,144,367,0,367
250250509012,1873,1077,29,0,94,0,21,652,77,575
250250509013,1080,529,0,0,70,0,21,460,43,417
250250510001,2134,1658,117,0,0,0,162,197,0,197
250250510002,1255,665,63,89,145,0,29,264,45,219
250250510003,1270,924,0,0,39,24,0,283,55,228
250250511011,2242,1692,0,0,0,0,27,523,89,434
250250511012,2185,1424,66,0,271,0,115,309,32,277
250250511013,1805,1195,0,0,42,0,0,568,0,568
250250511014,1085,823,36,0,101,0,0,125,0,125
250250512001,204,145,0,13,36,0,10,0,0,0
250250512002,1805,1222,18,0,63,0,57,445,0,445
250250512003,889,822,0,0,25,0,42,0,0,0
250250601011,1142,1142,0,0,0,0,0,0,0,0
250250601012,674,674,0,0,0,0,0,0,0,0
250250601013,1009,982,6,0,0,0,0,21,0,21
250250601014,805,689,39,0,71,0,0,6,0,6
250250602001,992,958,1,0,20,0,8,5,5,0
250250602002,1338,1284,6,0,38,0,0,10,0,10
250250603011,1354,1297,9,0,0,0,32,16,0,16
250250603012,704,693,0,0,11,0,0,0,0,0
250250603013,1524,1483,14,0,20,0,7,0,0,0
250250604001,1396,1396,0,0,0,0,0,0,0,0
250250604002,1230,1230,0,0,0,0,0,0,0,0
250250604003,1206,1158,34,0,14,0,0,0,0,0
250250604004,987,813,69,0,66,0,39,0,0,0
250250604005,833,723,24,0,61,0,25,0,0,0
250250605011,922,902,0,0,0,0,0,20,0,20
250250605012,1278,1174,28,0,59,0,0,17,0,17
250250605013,761,722,13,0,10,0,0,16,0,16
250250605014,727,710,0,0,17,0,0,0,0,0
250250605015,515,497,0,0,18,0,0,0,0,0
250250606001,3219,2711,84,0,347,0,2,75,33,42
250250607001,955,214,457,0,95,0,148,41,1,40
250250607002,1669,488,540,0,145,0,314,182,79,103
250250608001,621,589,0,0,0,0,0,32,0,32
250250608002,1018,854,2,18,92,0,0,52,0,52
250250608003,903,787,0,50,66,0,0,0,0,0
250250608004,1827,1584,7,0,104,0,132,0,0,0
250250610001,1355,1119,196,0,0,0,0,40,0,40
250250610002,1162,432,430,0,41,0,252,7,7,0
250250610003,777,426,96,0,41,0,204,10,0,10
250250611011,540,261,141,0,77,0,46,15,5,10
250250611012,1723,508,485,0,332,0,369,29,5,24
250250612001,2499,2300,38,0,132,0,0,29,11,18
250250612002,597,531,13,0,16,0,0,37,0,37
250250612003,1169,1136,1,1,21,0,0,10,0,10
250250701011,1056,859,14,0,167,0,0,16,16,0
250250701012,441,128,31,0,282,0,0,0,0,0
250250701013,824,467,13,0,297,0,15,32,0,32
250250701014,1875,1450,51,0,262,0,37,75,0,75
250250701015,306,110,0,0,32,0,0,164,0,164
250250701016,562,420,0,0,137,0,0,5,0,5
250250701017,1075,398,11,0,647,0,0,19,0,19
250250701018,357,312,20,0,18,0,0,7,0,7
250250702001,1114,121,14,0,932,0,20,27,3,24
250250702002,1108,11,8,0,1089,0,0,0,0,0
250250702003,3281,1911,33,0,1222,0,17,98,11,87
250250703001,1142,868,13,0,216,0,0,45,0,45
250250703002,854,763,0,0,91,0,0,0,0,0
250250703003,1198,979,0,0,24,0,58,137,18,119
250250703004,1259,911,63,0,147,0,20,118,31,87
250250704021,2207,543,329,15,1247,0,54,19,0,19
250250705001,2110,1779,0,0,290,0,0,41,0,41
250250705002,506,32,0,38,289,0,31,116,57,59
250250705003,1743,1009,76,0,338,0,264,56,0,56
250250705004,1546,666,228,0,322,0,219,111,0,111
250250706001,1128,966,3,0,131,0,21,7,0,7
250250706002,1379,1186,105,0,55,0,26,7,0,7
250250707001,1200,718,332,0,65,0,46,39,0,39
250250707002,1583,1064,305,0,169,0,23,22,0,22
250250708001,1487,963,381,0,120,0,12,11,0,11
250250708002,1036,783,142,23,39,0,0,49,13,36
250250708003,929,755,103,0,71,0,0,0,0,0
250250709001,2040,1409,351,0,196,0,41,43,0,43
250250709002,926,358,326,0,51,0,136,55,47,8
250250711011,1866,1144,25,0,466,0,0,231,0,231
250250711012,1582,888,210,0,319,0,117,48,0,48
250250711013,738,335,148,0,132,0,101,22,0,22
250250712011,2035,1342,190,15,352,0,43,93,0,93
250250712012,1546,328,371,0,201,0,334,312,39,273
250250801001,2142,522,979,11,25,0,599,6,6,0
250250801002,582,41,369,0,0,0,168,4,0,4
250250803001,2342,178,1626,32,50,0,353,103,47,56
250250804011,1476,295,780,0,68,0,267,66,39,27
250250804012,1615,345,758,0,17,0,367,128,0,128
250250805001,1028,353,389,0,71,0,146,69,0,69
250250805002,2095,318,885,0,43,0,806,43,0,43
250250806011,2977,1724,319,35,764,0,96,39,0,39
250250806012,966,73,719,0,0,0,145,29,0,29
250250806013,391,109,202,7,8,0,35,30,0,30
250250808011,2653,1544,613,0,136,0,329,31,15,16
250250808012,1840,480,730,0,297,0,251,82,53,29
250250809001,1245,645,18,0,542,0,40,0,0,0
250250809002,1507,1145,238,35,86,0,3,0,0,0
250250809003,1034,821,21,0,173,0,0,19,0,19
250250810011,625,109,14,0,280,0,204,18,0,18
250250810012,2430,683,594,0,572,0,404,177,48,129
250250810013,833,404,157,0,272,0,0,0,0,0
250250810014,1105,633,231,0,223,0,5,13,0,13
250250811001,1352,668,139,0,249,0,285,11,0,11
250250811002,1808,903,341,0,311,0,190,63,4,59
250250811003,974,725,119,0,93,0,27,10,9,1
250250812001,2050,473,668,0,0,0,889,20,20,0
250250812002,1527,708,86,0,248,0,391,94,0,94
250250813001,1785,355,513,0,76,0,622,219,102,117
250250813002,2179,219,1407,0,61,0,439,53,0,53
250250813003,1609,327,608,0,0,0,545,129,0,129
250250814001,821,168,508,0,27,0,108,10,0,10
250250814002,693,328,238,0,43,0,56,28,8,20
250250814003,1406,560,561,0,142,0,94,49,0,49
250250815001,901,124,513,0,25,0,187,52,0,52
250250815002,1552,175,920,0,21,7,418,11,6,5
250250817001,481,0,432,0,0,0,0,49,0,49
250250817002,815,30,693,0,15,0,77,0,0,0
250250817003,719,52,443,13,0,0,133,78,29,49
250250817004,732,21,536,0,146,0,20,9,0,9
250250817005,1135,169,614,280,0,0,24,48,25,23
250250818001,1050,84,763,0,0,0,106,97,11,86
250250818002,1439,87,1136,0,0,0,25,191,0,191
250250818003,1046,5,632,0,0,0,248,161,0,161
250250819001,928,10,727,0,0,0,191,0,0,0
250250819002,826,67,617,0,23,0,83,36,0,36
250250819003,744,51,483,0,0,0,162,48,0,48
250250819004,1049,158,640,0,0,0,50,201,122,79
250250820001,1415,240,1062,0,9,0,45,59,0,59
250250820002,472,0,423,0,0,0,49,0,0,0
250250820003,1020,106,521,0,0,0,349,44,0,44
250250821001,593,48,437,0,0,0,85,23,0,23
250250821002,2501,109,1475,0,0,0,355,562,11,551
250250821003,2302,206,1630,0,32,0,283,151,0,151
250250901001,1463,125,910,0,0,0,291,137,0,137
250250901002,737,48,440,0,0,0,230,19,19,0
250250901003,792,94,506,0,0,0,162,30,11,19
250250901004,1255,0,927,0,63,0,260,5,0,5
250250901005,702,38,600,0,0,0,54,10,0,10
250250902001,730,54,440,0,0,0,107,129,13,116
250250902002,860,53,508,0,11,0,232,56,43,13
250250902003,865,94,505,0,5,0,165,96,9,87
250250903001,1008,52,739,0,0,0,217,0,0,0
250250903002,1507,117,892,0,0,0,498,0,0,0
250250903003,874,1,718,0,0,0,84,71,0,71
250250904001,474,98,270,0,0,0,106,0,0,0
250250904002,2251,189,1516,0,0,0,327,219,0,219
250250904003,760,48,471,0,143,0,0,98,98,0
250250904004,825,40,581,0,0,0,154,50,0,50
250250906001,1113,185,656,4,89,0,165,14,14,0
250250906002,1329,110,963,0,47,0,180,29,19,10
250250907001,1059,515,35,0,230,0,223,56,25,31
250250907002,1075,775,55,0,61,0,143,41,0,41
250250907003,1263,603,234,32,214,0,169,11,0,11
250250907004,782,503,0,0,0,0,259,20,0,20
250250909011,1958,544,310,20,425,0,625,34,0,34
250250909012,1895,866,204,19,656,0,102,48,0,48
250250910011,833,152,104,0,562,0,15,0,0,0
250250910012,882,562,131,0,154,0,0,35,0,35
250250910013,523,523,0,0,0,0,0,0,0,0
250250910014,808,648,134,0,26,0,0,0,0,0
250250911001,1665,1049,81,0,353,0,49,133,0,133
250250911002,1014,705,71,0,158,0,10,70,0,70
250250911003,851,321,43,0,414,0,28,45,29,16
250250911004,857,331,0,8,365,0,103,50,0,50
250250911005,657,457,50,0,108,0,2,40,0,40
250250912001,1273,417,305,38,179,0,149,185,78,107
250250912002,1053,460,426,0,10,0,71,86,27,59
250250912003,696,369,208,43,9,0,0,67,21,46
250250913001,1227,288,651,21,64,0,180,23,13,10
250250913002,1332,207,731,0,32,0,302,60,27,33
250250914001,1929,272,916,20,25,0,562,134,71,63
250250914002,1160,128,656,0,0,0,351,25,5,20
250250915001,2162,460,660,0,23,0,810,209,79,130
250250915002,2031,78,1252,0,23,0,421,257,27,230
250250915003,1013,83,425,0,108,0,371,26,0,26
250250916001,1595,388,896,0,0,0,248,63,0,63
250250916002,1056,107,369,0,446,0,134,0,0,0
250250916003,307,110,82,0,115,0,0,0,0,0
250250917001,1313,207,678,0,199,0,192,37,0,37
250250917002,1168,101,738,0,67,0,262,0,0,0
250250917003,764,53,438,0,103,0,125,45,0,45
250250918001,1256,137,867,0,4,0,211,37,10,27
250250918002,1457,0,823,0,0,0,388,246,13,233
250250918003,918,19,804,0,0,0,60,35,0,35
250250919001,1233,126,898,0,0,0,209,0,0,0
250250919002,760,18,723,0,19,0,0,0,0,0
250250919003,1445,103,995,0,0,0,316,31,0,31
250250919004,572,34,507,0,0,0,20,11,11,0
250250920001,1514,349,488,0,156,0,433,88,10,78
250250920002,1623,243,937,0,182,0,261,0,0,0
250250920003,901,390,433,0,0,0,0,78,0,78
250250920004,1387,124,1114,0,0,0,98,51,27,24
250250921011,837,357,256,0,161,0,63,0,0,0
250250921012,1264,471,168,0,561,0,64,0,0,0
250250921013,1264,690,534,0,0,0,40,0,0,0
250250921014,871,216,100,0,555,0,0,0,0,0
250250921015,2905,594,817,0,1205,0,289,0,0,0
250250922001,1117,281,346,0,355,0,124,11,0,11
250250922002,853,263,384,0,206,0,0,0,0,0
250250922003,802,230,390,0,114,0,23,45,0,45
250250922004,493,158,241,0,7,0,67,20,0,20
250250923001,822,61,667,0,2,0,2,90,76,14
250250923002,736,141,543,23,0,0,18,11,0,11
250250923003,1332,98,1218,0,16,0,0,0,0,0
250250923004,629,0,559,0,0,0,54,16,0,16
250250924001,694,108,586,0,0,0,0,0,0,0
250250924002,1281,69,1193,0,19,0,0,0,0,0
250250924003,2020,110,1700,89,0,0,121,0,0,0
250250924004,1213,176,924,85,0,0,0,28,0,28
250250924005,776,22,536,0,0,0,218,0,0,0
250251001001,525,80,286,13,50,0,0,96,0,96
250251001002,1313,81,1232,0,0,0,0,0,0,0
250251001003,1499,98,1359,0,0,0,33,9,0,9
250251001004,805,210,580,0,0,0,15,0,0,0
250251001005,404,103,301,0,0,0,0,0,0,0
250251001006,1445,265,989,0,0,0,37,154,63,91
250251001007,751,156,558,0,0,0,0,37,0,37
250251002001,1110,140,867,0,39,0,0,64,0,64
250251002002,612,75,470,0,0,0,43,24,0,24
250251002003,1451,68,1227,0,32,0,27,97,0,97
250251003001,1489,14,1340,0,18,0,113,4,0,4
250251003002,1097,60,962,0,33,0,22,20,0,20
250251003003,623,0,520,0,71,0,0,32,15,17
250251003004,855,93,747,0,0,0,15,0,0,0
250251004001,1491,167,850,0,407,0,0,67,67,0
250251004002,1323,372,732,170,0,0,36,13,8,5
250251004003,932,70,632,0,0,0,211,19,0,19
250251004004,1921,120,1481,4,0,0,111,205,3,202
250251005001,1042,143,490,0,356,0,52,1,0,1
250251005002,1116,651,298,0,50,0,117,0,0,0
250251005003,1065,450,358,0,220,0,0,37,0,37
250251005004,2268,109,2124,0,0,0,0,35,0,35
250251005005,1846,239,1437,33,0,0,0,137,40,97
250251006011,1018,418,78,0,415,0,107,0,0,0
250251006012,1137,405,374,0,145,0,0,213,0,213
250251006013,1793,168,1405,0,78,0,117,25,0,25
250251006014,1955,828,744,0,314,0,0,69,0,69
250251006031,1402,1055,216,0,110,0,0,21,0,21
250251006032,690,510,166,0,12,0,1,1,1,0
250251007001,886,861,9,0,10,0,0,6,0,6
250251007002,1117,973,72,0,35,0,0,37,0,37
250251007003,736,733,1,0,0,0,0,2,0,2
250251007004,962,849,0,0,104,0,9,0,0,0
250251007005,716,549,161,0,6,0,0,0,0,0
250251008001,634,117,300,0,217,0,0,0,0,0
250251008002,972,555,183,0,75,0,69,90,0,90
250251008003,794,510,151,0,50,0,0,83,0,83
250251008004,1753,947,603,0,0,0,0,203,0,203
250251008005,948,821,71,0,56,0,0,0,0,0
250251008006,1482,646,613,0,223,0,0,0,0,0
250251009001,689,309,162,125,77,0,8,8,0,8
250251009002,659,244,324,0,91,0,0,0,0,0
250251009003,977,317,537,0,29,0,38,56,0,56
250251009004,730,0,697,0,24,0,0,9,0,9
250251009005,1141,315,577,0,98,0,151,0,0,0
250251010011,411,37,329,0,0,0,27,18,0,18
250251010012,618,48,534,0,0,0,0,36,0,36
250251010013,627,0,581,0,0,0,24,22,0,22
250251010014,1865,46,1789,0,0,0,0,30,0,30
250251010015,912,125,787,0,0,0,0,0,0,0
250251010016,1912,242,1642,0,0,0,0,28,0,28
250251010021,1012,232,728,0,0,0,0,52,0,52
250251010022,2457,216,2158,18,0,0,26,39,0,39
250251010023,2310,84,2098,0,4,0,66,58,5,53
250251011011,1030,27,865,0,0,0,77,61,61,0
250251011012,1255,33,1183,0,0,0,0,39,39,0
250251011013,1504,42,1347,0,68,0,17,30,0,30
250251011021,1020,0,986,0,0,0,18,16,0,16
250251011022,1641,175,1453,0,0,0,13,0,0,0
250251011023,1067,18,1031,0,0,0,0,18,0,18
250251011024,1340,104,1022,0,62,0,141,11,11,0
250251101031,833,569,214,0,0,0,24,26,0,26
250251101032,660,333,316,0,0,0,11,0,0,0
250251101033,271,128,120,0,0,0,23,0,0,0
250251101034,789,305,57,0,77,0,339,11,0,11
250251101035,1708,906,285,0,296,0,23,198,0,198
250251101036,954,835,101,0,0,0,18,0,0,0
250251101037,1088,489,431,0,50,0,56,62,0,62
250251102011,2512,779,1113,14,16,0,473,117,59,58
250251103011,1262,456,567,14,7,0,182,36,20,16
250251103012,1429,831,304,13,32,0,225,24,7,17
250251104011,1564,638,717,0,17,0,160,32,18,14
250251104012,2204,1307,682,42,51,0,73,49,0,49
250251104031,1302,613,547,0,36,0,86,20,0,20
250251104032,932,494,322,0,20,0,96,0,0,0
250251104033,494,365,31,0,20,0,78,0,0,0
250251104034,970,639,71,0,44,0,204,12,0,12
250251104035,806,485,212,0,0,0,17,92,0,92
250251105011,1165,993,2,0,18,0,138,14,0,14
250251105012,1379,1205,0,0,0,0,105,69,0,69
250251105013,1000,787,19,0,12,0,130,52,0,52
250251105021,1741,1037,432,73,97,0,95,7,0,7
250251105022,2344,1715,324,27,12,0,171,95,14,81
250251105023,571,449,20,0,15,0,87,0,0,0
250251106011,1916,1657,72,0,101,0,14,72,23,49
250251106012,1075,944,27,0,93,0,11,0,0,0
250251106071,857,632,0,0,153,0,0,72,0,72
250251106072,1696,1433,246,0,17,0,0,0,0,0
250251106073,1803,1643,6,0,19,0,135,0,0,0
250251106074,996,917,68,0,7,0,0,4,0,4
250251201031,1700,1401,73,0,110,0,0,116,3,113
250251201041,531,498,0,0,0,0,0,33,0,33
250251201042,906,534,187,0,34,0,81,70,0,70
250251201043,866,754,60,0,20,0,13,19,8,11
250251201051,1181,819,99,0,163,0,2,98,5,93
250251201052,1022,888,54,0,24,0,20,36,0,36
250251201053,553,527,16,0,9,0,0,1,0,1
250251202011,1350,1053,207,0,24,0,23,43,0,43
250251202012,1965,1295,137,41,4,0,359,129,31,98
250251202013,462,289,31,10,37,0,95,0,0,0
250251203011,1397,543,359,0,87,0,371,37,21,16
250251203012,1109,366,346,0,33,0,364,0,0,0
250251203013,1509,905,302,0,201,0,49,52,12,40
250251203014,1248,783,112,0,56,0,186,111,0,111
250251204001,873,637,116,0,79,0,0,41,13,28
250251204002,897,537,15,0,103,0,173,69,69,0
250251204003,1282,1057,106,0,42,0,39,38,0,38
250251204004,1740,1465,89,0,87,0,7,92,0,92
250251204005,1532,1242,146,0,95,0,0,49,0,49
250251205001,789,388,100,9,75,0,194,23,0,23
250251205002,918,506,105,8,50,0,170,79,16,63
250251205003,978,445,199,0,101,0,233,0,0,0
250251206001,768,569,96,0,40,0,0,63,0,63
250251206002,698,574,40,0,11,0,55,18,0,18
250251206003,847,710,47,0,29,0,23,38,8,30
250251207001,964,531,99,24,98,0,158,54,11,43
250251207002,1327,958,84,17,206,0,62,0,0,0
250251301001,991,920,0,0,39,0,0,32,0,32
250251301002,1785,866,74,0,531,0,52,262,0,262
250251301003,773,773,0,0,0,0,0,0,0,0
250251301004,671,671,0,0,0,0,0,0,0,0
250251301005,1129,1013,0,0,0,0,116,0,0,0
250251301006,226,178,15,0,13,0,0,20,0,20
250251301007,1057,1027,0,0,0,0,0,30,0,30
250251302001,763,640,52,0,49,0,0,22,0,22
250251302002,1240,1044,31,0,59,0,0,106,0,106
250251302003,1581,1376,53,0,101,0,51,0,0,0
250251302004,740,646,68,0,8,0,18,0,0,0
250251302005,945,889,0,0,56,0,0,0,0,0
250251303001,759,698,29,0,20,0,12,0,0,0
250251303002,1110,905,89,0,0,0,0,116,0,116
250251303003,717,692,25,0,0,0,0,0,0,0
250251303004,1373,1014,32,0,229,0,90,8,0,8
250251303005,732,732,0,0,0,0,0,0,0,0
250251304021,1145,1000,38,0,59,0,14,34,0,34
250251304022,948,750,53,0,145,0,0,0,0,0
250251304023,905,864,41,0,0,0,0,0,0,0
250251304024,1158,1118,0,0,40,0,0,0,0,0
250251304025,922,610,0,0,241,0,71,0,0,0
250251304041,2209,1438,368,0,207,0,187,9,0,9
250251304042,632,527,29,0,59,0,0,17,0,17
250251304043,417,291,26,0,79,0,21,0,0,0
250251304061,2667,544,1689,0,126,0,210,98,0,98
250251304062,2715,1500,903,0,155,0,59,98,27,71
250251304063,629,330,55,0,162,0,82,0,0,0
250251401021,1523,437,894,0,48,0,144,0,0,0
250251401022,1407,768,542,0,0,0,73,24,0,24
250251401023,950,528,312,0,12,0,11,87,0,87
250251401024,1386,458,731,0,17,0,142,38,25,13
250251401051,2742,1656,615,0,88,0,317,66,24,42
250251401052,1407,409,687,0,28,0,247,36,0,36
250251401061,1361,346,696,0,2,0,215,102,31,71
250251401062,818,242,534,0,0,0,28,14,14,0
250251401071,2003,1035,630,74,0,0,197,67,36,31
250251401072,685,331,236,5,0,0,102,11,6,5
250251402011,1026,382,445,0,16,0,171,12,0,12
250251402012,1321,622,318,0,120,0,93,168,0,168
250251402021,1114,527,337,0,128,0,80,42,22,20
250251402022,1589,366,827,0,0,0,386,10,10,0
250251402023,1290,551,330,0,102,0,240,67,2,65
250251402024,1818,1004,587,0,21,0,161,45,5,40
250251402025,714,562,129,0,23,0,0,0,0,0
250251403001,1066,204,516,0,0,0,283,63,15,48
250251403002,1214,501,285,0,0,0,379,49,49,0
250251403003,1928,756,1078,0,0,0,17,77,35,42
250251403004,672,143,475,0,0,0,18,36,36,0
250251403005,1701,410,826,0,33,0,375,57,0,57
250251403006,780,130,479,0,0,0,101,70,0,70
250251404001,408,0,361,21,0,0,26,0,0,0
250251404002,1062,27,890,0,0,0,0,145,0,145
250251404003,1303,92,1088,0,0,0,123,0,0,0
250251404004,515,0,368,0,0,0,135,12,12,0
250251404005,1996,131,1788,0,0,0,38,39,16,23
250251404006,2360,378,1789,0,17,0,0,176,0,176
250251404007,1106,375,177,0,14,0,540,0,0,0
250251601011,2071,1111,26,0,17,0,0,917,23,894
250251601012,2123,1213,49,0,164,0,220,477,16,461
250251601013,1993,891,77,20,0,0,249,756,21,735
250251601014,1933,563,230,26,0,0,282,832,0,832
250251601015,1166,264,0,0,60,0,406,436,0,436
250251602001,1868,425,17,0,61,0,99,1266,138,1128
250251602002,790,204,56,8,93,0,164,265,0,265
250251602003,1699,770,32,0,8,0,38,851,0,851
250251603001,1848,1240,151,0,98,0,105,254,0,254
250251603002,628,306,77,0,0,0,37,208,0,208
250251604001,1435,774,31,0,20,0,188,422,0,422
250251604002,1619,763,254,28,21,0,134,419,0,419
250251605011,2251,737,49,0,52,0,188,1225,0,1225
250251605012,799,526,89,0,0,0,39,145,53,92
250251605013,280,131,0,0,32,0,47,70,0,70
250251605014,967,563,81,0,122,0,26,175,0,175
250251605015,848,466,52,0,0,0,8,322,0,322
250251605021,1740,1258,77,0,64,0,119,222,47,175
250251605022,2055,1192,233,0,17,0,99,514,0,514
250251605023,1037,588,38,0,9,0,141,261,33,228
250251606011,2466,1494,210,0,250,0,112,400,59,341
250251606012,2367,1333,296,0,21,0,157,560,40,520
250251606021,1584,969,206,0,63,0,85,261,9,252
250251606022,645,384,23,0,80,0,152,6,0,6
250251606023,658,431,178,0,21,0,14,14,0,14
250251606024,1257,406,52,0,137,0,138,524,5,519
250251606025,1145,479,199,0,0,0,156,311,0,311
250251701001,1410,1228,72,0,0,0,0,110,0,110
250251701002,1510,1069,140,0,0,0,301,0,0,0
250251701003,778,629,33,0,0,0,19,97,0,97
250251701004,636,578,42,0,16,0,0,0,0,0
250251701005,1222,1021,69,0,16,0,77,39,19,20
250251701006,726,587,33,0,50,0,0,56,0,56
250251701007,1189,921,39,0,0,0,188,41,41,0
250251702001,963,862,0,0,0,0,87,14,0,14
250251702002,2281,1462,247,0,42,0,470,60,47,13
250251702003,776,569,67,0,0,0,0,140,0,140
250251702004,1302,1251,51,0,0,0,0,0,0,0
250251703001,1666,1062,108,0,442,0,18,36,21,15
250251703002,816,629,161,0,7,0,0,19,0,19
250251703003,802,649,142,0,11,0,0,0,0,0
250251703004,1799,1472,54,0,40,0,0,233,188,45
250251703005,1519,1227,0,0,204,0,65,23,23,0
250251703006,1523,1407,35,0,0,0,43,38,0,38
250251703007,681,681,0,0,0,0,0,0,0,0
250251704001,1358,973,222,0,0,0,38,125,0,125
250251704002,1331,778,129,0,32,0,300,92,0,92
250251704003,1354,1051,20,0,35,0,85,163,0,163
250251704004,2441,1779,431,0,140,0,91,0,0,0
250251705011,2222,1637,94,0,181,0,236,74,0,74
250251705012,1318,923,0,50,32,0,208,105,33,72
250251705021,1015,816,0,0,143,0,0,56,0,56
250251705022,1637,1313,48,0,131,0,0,145,12,133
250251706011,1396,1229,66,0,20,0,48,33,0,33
250251706012,1658,1304,0,12,64,0,160,118,7,111
250251706013,1182,962,85,0,10,0,97,28,7,21
250251706014,1335,1056,51,23,0,0,68,137,0,137
250251707011,738,650,31,0,8,0,39,10,0,10
250251707012,1330,1027,2,0,56,0,184,61,2,59
250251707021,896,636,238,0,0,0,0,22,22,0
250251707022,999,659,54,0,286,0,0,0,0,0
250251707023,1606,1019,111,0,435,0,41,0,0,0
250251707024,1251,844,93,0,268,0,46,0,0,0
250251707025,1292,1008,127,0,0,0,67,90,15,75
250251708001,1976,1571,0,74,58,0,223,50,16,34
250251708002,1161,982,44,0,51,0,18,66,0,66
250251708003,1211,1035,57,0,1,0,60,58,0,58
250251708004,1546,938,128,0,17,0,463,0,0,0
250251801011,1350,1350,0,0,0,0,0,0,0,0
250251801012,1248,1188,0,0,22,0,0,38,0,38
250251801013,2403,2093,176,0,0,0,90,44,19,25
250251802001,1183,985,13,0,24,0,118,43,0,43
250251802002,641,640,0,0,1,0,0,0,0,0
250251802003,807,750,11,0,0,0,0,46,0,46
250251802004,1422,1266,71,0,35,0,9,41,0,41
250251803011,569,569,0,0,0,0,0,0,0,0
250251803012,977,954,0,0,0,0,23,0,0,0
250251803013,734,725,3,0,3,0,0,3,0,3
250251803014,793,793,0,0,0,0,0,0,0,0
250251804001,964,844,44,0,13,0,17,46,8,38
250251804002,1086,977,0,0,13,0,0,96,0,96
250251805001,1536,1531,0,0,0,0,0,5,0,5
250251805002,625,618,7,0,0,0,0,0,0,0
250251805003,1035,975,23,0,17,0,20,0,0,0
250251805004,1018,991,0,0,14,0,0,13,0,13
250259801011,322,174,98,0,0,0,5,45,0,45
250259803001,365,181,113,12,28,0,31,0,0,0
250259807001,8,8,0,0,0,0,0,0,0,0
250259810001,0,0,0,0,0,0,0,0,0,0
250259811001,0,0,0,0,0,0,0,0,0,0
250259811002,0,0,0,0,0,0,0,0,0,0
250259811003,0,0,0,0,0,0,0,0,0,0
250259811004,409,132,225,0,0,0,41,11,0,11
250259812011,0,0,0,0,0,0,0,0,0,0
250259812021,224,158,36,0,23,0,0,7,0,7
250259813001,0,0,0,0,0,0,0,0,0,0
250259813002,426,336,16,0,19,0,0,55,0,55
250259815011,0,0,0,0,0,0,0,0,0,0
250259815021,12,0,12,0,0,0,0,0,0,0
250259816001,0,0,0,0,0,0,0,0,0,0
250259817001,0,0,0,0,0,0,0,0,0,0
250259818001,22,22,0,0,0,0,0,0,0,0
250259901010,71,52,19,0,0,0,0,0,0,0
250173001001,1803,1720,21,0,16,0,0,46,0,46
250173001002,1392,1357,9,3,9,0,14,0,0,0
250173011011,1706,1626,0,0,13,0,21,46,0,46
250173011012,1097,1052,0,0,33,0,0,12,0,12
250173011013,1294,1178,1,0,2,0,113,0,0,0
250173011021,1502,1466,8,0,0,0,0,28,0,28
250173011022,2190,2126,22,0,33,0,0,9,0,9
250173011023,1629,1576,0,0,41,0,12,0,0,0
250173101001,1440,884,116,16,151,0,71,202,137,65
250173101002,1910,1467,199,28,131,0,52,33,0,33
250173101003,2574,1691,102,60,334,0,146,241,15,226
250173102001,1214,1097,0,0,0,0,108,9,9,0
250173102002,620,591,0,0,29,0,0,0,0,0
250173102003,3007,2040,398,0,0,0,536,33,0,33
250173102004,1172,773,276,0,55,0,68,0,0,0
250173102005,858,751,0,0,45,0,17,45,0,45
250173103001,1818,1305,450,0,0,0,37,26,0,26
250173103002,1884,901,270,0,559,0,154,0,0,0
250173103003,1184,549,13,0,78,0,528,16,16,0
250173103004,787,474,34,0,0,0,279,0,0,0
250173103005,1020,643,161,0,67,0,149,0,0,0
250173104001,1213,950,0,0,121,0,142,0,0,0
250173104002,1274,960,30,0,0,0,210,74,0,74
250173104003,839,512,217,62,8,0,0,40,8,32
250173105001,700,469,149,0,67,0,0,15,8,7
250173105002,1708,1126,60,0,460,0,62,0,0,0
250173105003,1058,668,0,0,181,57,116,36,0,36
250173106011,2982,1617,61,0,1008,0,144,152,14,138
250173106012,3060,2115,308,0,489,0,69,79,55,24
250173106013,367,287,49,0,31,0,0,0,0,0
250173106021,1444,1091,109,0,179,0,33,32,6,26
250173106022,1616,1051,36,17,472,0,0,40,16,24
250173106023,559,325,46,0,0,0,188,0,0,0
250173106024,1798,1322,38,0,183,0,221,34,0,34
250173107001,1323,748,10,0,516,0,15,34,23,11
250173107002,1427,643,46,0,556,0,133,49,0,49
250173107003,2130,1322,20,0,573,0,157,58,17,41
250173111001,1194,481,110,0,524,0,79,0,0,0
250173111002,1535,661,118,4,541,0,176,35,0,35
250173112001,1895,506,408,5,754,0,110,112,51,61
250173112002,1349,373,48,0,752,0,118,58,0,58
250173113001,1062,480,66,25,466,0,25,0,0,0
250173113002,1253,451,140,57,537,0,19,49,0,49
250173113003,1499,723,34,0,651,0,91,0,0,0
250173114001,396,352,21,0,12,0,11,0,0,0
250173114002,721,312,0,0,320,0,60,29,29,0
250173114003,2127,1134,314,65,411,0,203,0,0,0
250173114004,2297,1151,378,0,708,0,18,42,42,0
250173115001,1348,546,35,0,229,0,538,0,0,0
250173115002,1269,530,214,0,496,0,0,29,0,29
250173115003,588,495,57,0,23,0,0,13,13,0
250173116001,1698,1175,49,0,474,0,0,0,0,0
250173116002,1607,820,82,0,627,0,32,46,16,30
250173116003,734,652,0,0,82,0,0,0,0,0
250173116004,1071,433,52,0,354,0,216,16,16,0
250173116005,581,409,0,0,172,0,0,0,0,0
250173117001,975,587,27,43,257,0,0,61,17,44
250173117002,1339,484,73,55,727,0,0,0,0,0
250173117003,1158,446,0,0,681,0,0,31,0,31
250173117004,1533,315,54,0,1001,0,88,75,0,75
250173118001,1936,657,64,0,1077,34,75,29,5,24
250173118002,1413,645,73,102,516,0,21,56,22,34
250173119001,1574,878,437,0,187,0,54,18,0,18
250173119002,1182,797,21,29,221,0,114,0,0,0
250173120001,1175,799,45,0,145,0,163,23,0,23
250173120002,1758,913,262,0,224,0,319,40,10,30
250173121001,968,574,37,0,197,0,110,50,13,37
250173121002,827,650,29,0,144,0,0,4,0,4
250173121003,1140,718,0,0,180,0,211,31,0,31
250173122001,1715,1014,423,0,90,0,142,46,16,30
250173122002,1219,585,0,0,549,0,63,22,22,0
250173122003,912,374,0,0,458,0,62,18,18,0
250173122004,576,376,165,0,35,0,0,0,0,0
250173123001,1079,780,50,0,18,0,98,133,0,133
250173123002,1756,1406,23,0,218,0,60,49,25,24
250173123003,2225,2088,33,0,94,0,10,0,0,0
250173124001,529,281,104,0,37,0,97,10,10,0
250173124002,1928,1173,174,0,292,0,234,55,5,50
250173125011,1850,1680,24,0,10,0,127,9,0,9
250173125012,846,832,8,0,0,0,0,6,6,0
250173125013,1923,1206,81,0,316,0,256,64,0,64
250173125021,2016,1665,18,0,195,0,137,1,0,1
250173125022,817,750,19,0,29,0,15,4,0,4
250173125023,1209,1074,14,0,60,0,0,61,0,61
250173131011,2584,2437,0,0,98,0,0,49,0,49
250173131012,2795,2168,66,0,384,0,22,155,0,155
250173131013,1090,954,0,0,101,0,0,35,0,35
250173131021,629,623,0,0,0,0,0,6,0,6
250173131022,879,727,0,12,106,0,0,34,0,34
250173131023,2864,2451,0,0,264,0,0,149,0,149
250173131024,1391,1358,0,0,33,0,0,0,0,0
250173141011,1758,1553,54,0,53,0,50,48,33,15
250173141012,1310,1076,144,0,71,0,19,0,0,0
250173141013,3884,3346,131,12,176,54,0,165,0,165
250173141021,1470,1270,0,0,181,0,19,0,0,0
250173141022,1662,1476,28,0,97,0,0,61,0,61
250173141023,1442,1245,56,0,50,0,0,91,0,91
250173141024,1674,1404,58,0,142,0,31,39,30,9
250173141025,1126,1061,0,0,39,0,13,13,13,0
250173142001,1332,1045,152,0,135,0,0,0,0,0
250173142002,2184,2080,61,0,0,0,24,19,0,19
250173142003,1649,1378,168,0,103,0,0,0,0,0
250173143011,1957,1502,44,0,99,0,0,312,0,312
250173143012,555,434,121,0,0,0,0,0,0,0
250173143013,2484,2356,0,0,128,0,0,0,0,0
250173143014,1829,1569,120,0,0,0,53,87,17,70
250173143015,1664,1271,209,0,0,0,159,25,25,0
250173143021,1157,1118,32,3,0,0,0,4,0,4
250173143022,1976,1847,86,0,22,0,5,16,13,3
250173151001,2797,2712,0,0,75,0,0,10,0,10
250173151002,3457,2850,316,0,181,0,66,44,0,44
250173152001,1659,1474,0,12,128,0,0,45,0,45
250173152002,2749,2300,165,0,191,0,0,93,0,93
250173152003,1721,1560,0,0,20,0,19,122,0,122
250173152004,1986,1913,14,0,55,0,4,0,0,0
250173154011,1964,1800,0,0,138,0,0,26,0,26
250173154012,1824,1692,22,6,69,0,0,35,0,35
250173154021,1007,858,13,3,119,0,0,14,2,12
250173154022,2045,1963,29,0,47,0,0,6,0,6
250173154031,672,672,0,0,0,0,0,0,0,0
250173154032,1059,1018,6,0,17,0,18,0,0,0
250173155001,1186,1122,0,0,0,0,64,0,0,0
250173155002,1561,1561,0,0,0,0,0,0,0,0
250173155003,667,568,0,0,99,0,0,0,0,0
250173155004,891,891,0,0,0,0,0,0,0,0
250173155005,1690,1669,0,0,0,0,0,21,0,21
250173155006,1731,1712,0,0,19,0,0,0,0,0
250173161011,1799,1718,9,0,62,0,0,10,0,10
250173161012,1529,1475,0,0,27,0,27,0,0,0
250173161013,1825,1796,0,0,9,0,5,15,15,0
250173161021,1569,1545,0,0,24,0,0,0,0,0
250173161022,2744,2586,0,0,158,0,0,0,0,0
250173161023,1250,1223,0,0,27,0,0,0,0,0
250173161024,1226,1147,0,0,58,11,10,0,0,0
250173162011,1231,1200,0,0,31,0,0,0,0,0
250173162012,2172,2002,170,0,0,0,0,0,0,0
250173162013,888,888,0,0,0,0,0,0,0,0
250173162021,1709,1223,85,0,281,0,25,95,14,81
250173162022,1873,1649,71,0,124,0,8,21,0,21
250173162023,905,692,0,0,199,0,0,14,0,14
250173163001,3870,2132,500,0,980,0,47,211,170,41
250173163002,566,527,20,0,19,0,0,0,0,0
250173163003,611,611,0,0,0,0,0,0,0,0
250173163004,1345,1280,0,0,0,0,54,11,0,11
250173163005,1852,1772,0,0,80,0,0,0,0,0
250173163006,640,583,0,0,0,0,0,57,0,57
250173164001,953,897,21,0,35,0,0,0,0,0
250173164002,847,830,0,0,0,0,17,0,0,0
250173164003,1085,914,21,0,85,0,23,42,0,42
250173164004,1546,1262,13,0,79,0,147,45,0,45
250173164005,1657,1491,11,0,80,0,0,75,0,75
250173164006,1079,542,197,0,34,0,205,101,15,86
250173165001,1361,1339,0,0,0,0,0,22,0,22
250173165002,1253,1074,0,0,179,0,0,0,0,0
250173165003,1137,924,139,0,35,0,13,26,0,26
250173165004,1337,971,75,0,17,0,274,0,0,0
250173165005,932,777,103,0,32,0,0,20,0,20
250173171011,1429,1058,0,0,272,0,99,0,0,0
250173171012,1322,1162,0,0,160,0,0,0,0,0
250173171013,1287,1287,0,0,0,0,0,0,0,0
250173171014,2383,2049,0,81,239,0,0,14,0,14
250173171021,1795,1524,45,0,199,0,18,9,0,9
250173171022,1190,828,0,0,340,0,0,22,8,14
250173171023,1663,1506,1,0,116,0,0,40,20,20
250173171031,2155,1964,45,0,94,0,0,52,0,52
250173171032,1802,1654,0,0,140,0,0,8,8,0
250173171033,1006,837,0,0,169,0,0,0,0,0
250173172011,1394,1216,0,14,138,0,0,26,0,26
250173172012,1402,1341,0,0,45,0,0,16,0,16
250173172021,1450,1380,30,0,40,0,0,0,0,0
250173172022,2009,1831,9,0,103,0,23,43,0,43
250173172031,1125,943,11,0,158,0,13,0,0,0
250173172032,2429,2240,0,0,148,0,0,41,0,41
250173172033,727,507,0,0,212,0,0,8,0,8
250173173011,2099,1787,9,0,259,16,12,16,0,16
250173173012,572,441,6,0,109,0,16,0,0,0
250173173021,1744,1464,51,0,129,0,28,72,18,54
250173173022,2881,2459,0,0,240,0,62,120,57,63
250173173023,1203,1116,59,0,28,0,0,0,0,0
250173181001,2775,2300,0,0,368,0,0,107,0,107
250173181002,1668,1604,0,0,49,0,0,15,0,15
250173181003,841,580,0,0,247,0,0,14,0,14
250173181004,1976,1237,0,0,712,0,0,27,0,27
250173182001,3310,2294,15,0,926,0,0,75,0,75
250173182002,1344,1164,21,0,157,0,0,2,0,2
250173183001,877,877,0,0,0,0,0,0,0,0
250173183002,2612,2132,0,0,461,0,0,19,0,19
250173183003,1838,1270,0,0,549,0,0,19,0,19
250173183004,2733,2553,16,0,124,0,0,40,0,40
250173184001,2837,2210,52,0,533,0,23,19,0,19
250173184002,1276,1122,8,0,137,0,0,9,0,9
250173201021,1215,1109,0,0,69,0,18,19,0,19
250173201022,1465,1148,34,0,233,0,0,50,0,50
250173201023,2921,2811,15,0,51,0,2,42,0,42
250173201031,3022,2398,144,0,416,0,7,57,0,57
250173201041,3359,3157,31,0,154,0,0,17,0,17
250173201042,2875,2606,82,0,134,0,0,53,0,53
250173201043,1863,1760,26,0,0,0,24,53,0,53
250173211001,3126,2500,33,0,262,0,94,237,101,136
250173211002,2808,1923,143,0,168,0,218,356,77,279
250173211003,784,734,0,0,50,0,0,0,0,0
250173212001,2695,1926,94,39,56,0,270,310,36,274
250173212002,1754,1353,0,0,103,0,172,126,0,126
250173212003,2165,1756,13,0,73,0,187,136,0,136
250173213001,1333,1017,60,0,0,0,234,22,0,22
250173213002,921,550,54,0,0,0,0,317,12,305
250173213003,799,633,0,0,0,0,0,166,0,166
250173213004,1866,1662,62,0,142,0,0,0,0,0
250173213005,584,371,0,0,92,0,83,38,18,20
250173213006,2250,1521,46,0,99,0,153,431,0,431
250173214001,2342,2074,34,0,86,0,63,85,5,80
250173214002,890,790,0,0,90,0,10,0,0,0
250173215001,3651,2807,273,0,26,0,44,501,25,476
250173215002,2230,1563,0,0,92,0,421,154,34,120
250173215003,1624,1402,4,0,72,0,68,78,77,1
250173216001,4014,3527,23,0,235,0,89,140,57,83
250173216002,1429,1295,0,0,134,0,0,0,0,0
250173216003,1060,953,15,0,0,0,65,27,27,0
250173216004,1446,829,208,0,366,0,16,27,16,11
250173221001,1305,1272,0,0,0,0,24,9,0,9
250173221002,1000,898,0,0,78,0,0,24,0,24
250173221003,928,833,0,0,74,0,0,21,0,21
250173221004,1346,1269,0,0,61,0,0,16,0,16
250173222001,1511,1431,0,0,37,0,0,43,43,0
250173222002,2343,2177,73,0,0,0,45,48,0,48
250173223001,1758,1677,81,0,0,0,0,0,0,0
250173223002,3380,3005,0,0,187,0,0,188,0,188
250173223003,1384,1329,55,0,0,0,0,0,0,0
250173224001,1719,1601,0,10,90,0,18,0,0,0
250173224002,1815,1538,42,0,0,0,91,144,0,144
250173224003,1354,1347,7,0,0,0,0,0,0,0
250173231001,2263,2120,0,0,143,0,0,0,0,0
250173231002,755,680,0,0,26,0,0,49,0,49
250173231003,1348,1170,1,0,18,0,90,69,0,69
250173231004,2695,2548,0,0,94,0,53,0,0,0
250173241011,1917,1797,30,0,35,0,0,55,0,55
250173241012,1561,1307,3,0,181,0,0,70,0,70
250173241013,1651,1574,0,0,10,0,0,67,0,67
250173241021,1317,1186,11,0,120,0,0,0,0,0
250173241022,2581,2336,4,10,92,0,0,139,7,132
250173241023,727,540,16,0,137,0,0,34,6,28
250173251001,2299,1848,271,0,117,0,0,63,0,63
250173251002,1368,1333,0,0,35,0,0,0,0,0
250173251003,790,572,28,0,121,0,69,0,0,0
250173251004,673,586,59,0,14,0,0,14,0,14
250173251005,868,847,0,0,21,0,0,0,0,0
250173251006,1293,1206,18,0,49,0,0,20,20,0
250173251007,723,538,0,0,10,0,0,175,0,175
250173261011,1265,1257,0,5,0,0,0,3,0,3
250173261012,3118,2741,58,0,193,0,11,115,0,115
250173261021,2899,2723,10,0,116,0,0,50,0,50
250173261022,2587,2493,0,0,94,0,0,0,0,0
250173261023,1413,1334,0,0,79,0,0,0,0,0
250173271011,2076,2020,0,0,56,0,0,0,0,0
250173271012,1980,1785,34,0,10,0,0,151,0,151
250173271021,934,868,44,0,12,0,10,0,0,0
250173271022,1331,1238,54,0,30,0,0,9,0,9
250173271023,1979,1915,9,0,11,0,22,22,0,22
250173271031,1728,1610,0,0,107,0,11,0,0,0
250173271032,559,500,0,0,0,0,0,59,13,46
250173271033,1462,1411,0,0,20,0,0,31,0,31
250173281001,2291,2196,0,0,45,0,0,50,0,50
250173281002,1046,932,0,0,92,0,0,22,0,22
250173301001,906,906,0,0,0,0,0,0,0,0
250173301002,2089,1983,31,24,51,0,0,0,0,0
250173301003,2002,1811,0,0,173,0,18,0,0,0
250173301004,1534,1472,0,0,62,0,0,0,0,0
250173301005,2261,2084,0,13,109,0,55,0,0,0
250173302001,2130,1727,96,0,135,0,36,136,0,136
250173302002,2208,2022,44,0,116,0,0,26,0,26
250173302003,1101,959,27,0,69,0,31,15,0,15
250173302004,1367,1262,0,0,105,0,0,0,0,0
250173311011,1655,1406,82,0,19,0,0,148,0,148
250173311012,1742,1591,12,0,131,0,0,8,0,8
250173311021,1170,1002,0,0,59,0,109,0,0,0
250173311022,2548,2300,211,0,21,0,2,14,1,13
250173311023,2527,2168,186,0,81,12,0,80,21,59
250173311024,1085,990,6,0,67,0,0,22,0,22
250173312001,2691,2483,44,0,115,0,0,49,0,49
250173312002,2753,2408,12,0,305,0,0,28,0,28
250173313001,2321,2157,2,0,114,0,24,24,0,24
250173313002,2694,2467,68,0,101,0,0,58,47,11
250173313003,2352,2104,0,0,130,0,21,97,0,97
250173321001,1392,1303,0,0,89,0,0,0,0,0
250173321002,2239,2005,13,0,221,0,0,0,0,0
250173321003,1353,1129,0,0,76,0,0,148,0,148
250173321004,1207,925,0,0,227,0,0,55,0,55
250173322001,3341,1906,407,0,994,0,0,34,0,34
250173322002,2545,1886,0,0,595,0,18,46,0,46
250173322003,946,946,0,0,0,0,0,0,0,0
250173322004,2238,1674,87,0,419,0,0,58,0,58
250173323001,1135,704,2,27,285,0,33,84,0,84
250173323002,1008,736,0,0,233,0,0,39,13,26
250173323003,1281,1281,0,0,0,0,0,0,0,0
250173323004,2590,1336,640,0,518,0,0,96,79,17
250173323005,1034,928,106,0,0,0,0,0,0,0
250173324001,2124,1816,70,0,238,0,0,0,0,0
250173324002,1670,1314,14,0,291,0,15,36,36,0
250173331001,2856,1929,495,0,322,0,102,8,0,8
250173331002,853,751,0,0,14,0,16,72,0,72
250173331003,876,844,0,0,32,0,0,0,0,0
250173331004,1102,1022,0,0,80,0,0,0,0,0
250173331005,2286,2038,66,0,182,0,0,0,0,0
250173332001,1671,1445,109,0,91,0,13,13,0,13
250173332002,630,630,0,0,0,0,0,0,0,0
250173332003,949,879,1,0,15,0,16,38,15,23
250173332004,1647,1557,90,0,0,0,0,0,0,0
250173333001,854,784,52,0,0,0,18,0,0,0
250173333002,1574,1020,282,0,263,0,9,0,0,0
250173333003,1315,1160,12,0,37,0,106,0,0,0
250173334001,1477,1225,201,0,48,0,3,0,0,0
250173334002,1485,1389,42,0,34,0,0,20,0,20
250173334003,874,810,0,0,64,0,0,0,0,0
250173334004,882,736,19,0,127,0,0,0,0,0
250173334005,1292,1199,25,0,68,0,0,0,0,0
250173335011,693,577,58,0,0,0,58,0,0,0
250173335012,2351,2200,0,0,144,0,7,0,0,0
250173335013,2510,2232,23,0,92,0,50,113,0,113
250173335021,1394,1354,8,0,0,0,32,0,0,0
250173335022,2017,1648,200,0,44,0,93,32,9,23
250173336001,3388,1383,733,0,791,0,414,67,0,67
250173336002,680,647,0,0,19,0,0,14,0,14
250173336003,655,588,0,0,49,0,0,18,0,18
250173336004,904,669,36,0,48,0,28,123,0,123
250173336005,678,593,0,0,71,0,0,14,14,0
250173336006,1607,1345,0,0,93,0,169,0,0,0
250173341001,1956,1782,0,19,0,0,36,119,74,45
250173341002,2341,2341,0,0,0,0,0,0,0,0
250173341003,3076,2462,90,0,412,0,15,97,16,81
250173342001,1054,994,0,0,60,0,0,0,0,0
250173342002,1068,1062,2,0,2,0,0,2,0,2
250173342003,744,702,0,0,42,0,0,0,0,0
250173342004,1078,1017,0,8,16,0,26,11,0,11
250173343001,1825,1726,1,0,49,0,0,49,0,49
250173343002,1187,1131,0,0,56,0,0,0,0,0
250173343003,1867,1838,8,0,21,0,0,0,0,0
250173343004,2875,2740,0,0,63,0,23,49,0,49
250173344001,1258,1159,0,0,61,0,0,38,25,13
250173344002,2082,1884,0,0,112,0,0,86,0,86
250173344003,1521,1319,69,0,119,0,14,0,0,0
250173344004,610,502,0,0,101,0,0,7,0,7
250173344005,1227,1149,0,0,78,0,0,0,0,0
250173351001,1764,1711,32,0,0,0,0,21,0,21
250173351002,813,813,0,0,0,0,0,0,0,0
250173351003,365,240,21,0,104,0,0,0,0,0
250173351004,1354,1346,4,0,0,0,4,0,0,0
250173351005,921,842,25,0,0,0,22,32,0,32
250173351006,640,585,0,0,19,0,0,36,0,36
250173352001,607,607,0,0,0,0,0,0,0,0
250173352002,856,788,14,0,0,0,19,35,20,15
250173352003,821,813,0,0,0,0,0,8,0,8
250173352004,1681,1545,99,0,37,0,0,0,0,0
250173352005,2336,2178,0,0,21,0,137,0,0,0
250173353011,1926,1895,7,0,7,0,17,0,0,0
250173353012,1536,1367,18,0,107,0,20,24,11,13
250173353013,864,639,0,9,23,0,171,22,0,22
250173353021,835,801,22,0,12,0,0,0,0,0
250173353022,3171,2924,16,0,111,0,14,106,0,106
250173353023,996,914,0,13,24,0,0,45,0,45
250173354001,786,753,10,0,13,0,0,10,0,10
250173354002,2300,2244,0,0,21,0,35,0,0,0
250173354003,1623,1532,0,0,26,0,37,28,0,28
250173354004,628,544,57,0,14,0,0,13,0,13
250173361001,1099,1020,14,0,39,0,0,26,0,26
250173361002,1029,817,43,0,169,0,0,0,0,0
250173361003,1399,1238,65,0,82,0,0,14,0,14
250173361004,718,663,55,0,0,0,0,0,0,0
250173361005,524,524,0,0,0,0,0,0,0,0
250173361006,922,654,251,0,0,0,17,0,0,0
250173362001,631,614,0,0,17,0,0,0,0,0
250173362002,1463,1463,0,0,0,0,0,0,0,0
250173362003,1122,1106,0,0,0,0,0,16,0,16
250173362004,691,619,12,0,0,0,60,0,0,0
250173362005,598,494,0,0,104,0,0,0,0,0
250173362006,570,570,0,0,0,0,0,0,0,0
250173362007,970,935,0,0,18,0,0,17,0,17
250173363001,726,599,24,0,103,0,0,0,0,0
250173363002,523,502,0,0,21,0,0,0,0,0
250173363003,849,849,0,0,0,0,0,0,0,0
250173363004,532,532,0,0,0,0,0,0,0,0
250173363005,1240,1149,27,0,0,0,0,64,0,64
250173363006,1141,981,0,0,51,0,0,109,0,109
250173363007,1562,1104,11,0,378,0,0,69,0,69
250173364011,712,515,57,0,79,0,0,61,12,49
250173364012,1877,1520,58,0,228,0,31,40,0,40
250173364013,2155,1736,164,0,155,0,0,100,0,100
250173364021,1051,918,117,0,16,0,0,0,0,0
250173364022,1126,1016,0,0,98,0,0,12,0,12
250173364023,1555,1437,81,0,15,0,0,22,0,22
250173364024,1347,1162,19,0,140,0,0,26,0,26
250173371011,1439,1371,0,0,54,0,0,14,0,14
250173371012,1602,1356,134,0,81,0,0,31,0,31
250173371021,438,406,8,0,24,0,0,0,0,0
250173371022,2472,2292,84,0,92,0,1,3,0,3
250173371023,2335,2216,13,0,50,0,56,0,0,0
250173372011,1689,1592,68,0,10,0,0,19,0,19
250173372012,674,659,0,0,8,0,0,7,0,7
250173372013,828,712,0,0,44,0,47,25,0,25
250173372021,1330,1294,0,0,36,0,0,0,0,0
250173372022,1403,1353,0,0,0,0,50,0,0,0
250173372023,1039,1039,0,0,0,0,0,0,0,0
250173372024,971,971,0,0,0,0,0,0,0,0
250173373001,1076,976,27,0,73,0,0,0,0,0
250173373002,961,961,0,0,0,0,0,0,0,0
250173373003,1066,1027,14,0,0,0,0,25,25,0
250173373004,2166,1884,107,0,98,0,54,23,0,23
250173373005,478,468,10,0,0,0,0,0,0,0
250173381001,1469,1248,42,0,96,0,0,83,12,71
250173381002,1849,1139,0,8,616,0,0,86,9,77
250173382001,2952,2065,48,0,718,0,74,47,0,47
250173382002,1113,1033,0,0,67,0,0,13,0,13
250173383001,833,825,0,0,8,0,0,0,0,0
250173383002,1072,1050,5,0,6,0,0,11,0,11
250173383003,1306,1161,0,0,139,0,0,6,0,6
250173384001,1725,1545,0,0,180,0,0,0,0,0
250173384002,1417,1339,0,0,29,0,0,49,0,49
250173384003,1340,1115,0,0,160,0,0,65,0,65
250173384004,1615,1151,33,0,379,9,11,32,0,32
250173385001,1536,1326,17,0,172,0,0,21,0,21
250173385002,1661,1483,13,0,71,0,36,58,10,48
250173385003,1436,1314,0,0,55,0,0,67,0,67
250173385004,1255,1002,0,0,125,0,79,49,0,49
250173391001,696,623,0,0,31,0,0,42,0,42
250173391002,1321,1073,51,0,67,0,41,89,0,89
250173391003,1456,1289,80,0,30,0,19,38,18,20
250173391004,1735,1600,33,0,59,0,30,13,0,13
250173391005,1296,1183,34,0,21,0,11,47,16,31
250173392001,787,787,0,0,0,0,0,0,0,0
250173392002,1152,1080,0,0,0,0,0,72,0,72
250173392003,1035,962,9,12,19,23,10,0,0,0
250173392004,1410,1314,16,0,36,0,24,20,0,20
250173392005,569,524,14,0,7,0,0,24,0,24
250173392006,960,960,0,0,0,0,0,0,0,0
250173393001,629,446,87,0,37,0,38,21,0,21
250173393002,777,398,271,0,55,0,19,34,0,34
250173393003,1444,714,556,0,81,0,0,93,0,93
250173394001,823,733,18,0,49,0,23,0,0,0
250173394002,641,534,12,0,90,0,5,0,0,0
250173394003,941,784,9,0,93,0,55,0,0,0
250173394004,987,900,0,0,67,0,20,0,0,0
250173395001,3224,2644,133,0,316,0,26,105,26,79
250173395002,955,820,9,0,84,0,11,31,7,24
250173395003,720,644,50,0,20,0,0,6,0,6
250173395004,946,604,333,0,0,0,0,9,0,9
250173396001,840,658,73,0,44,0,0,65,0,65
250173396002,1254,1034,0,0,175,0,0,45,45,0
250173396003,765,568,137,0,60,0,0,0,0,0
250173396004,1004,932,0,0,0,0,72,0,0,0
250173396005,969,613,159,0,180,0,0,17,0,17
250173396006,666,413,63,0,94,0,0,96,79,17
250173397001,811,724,14,0,28,0,0,45,0,45
250173397002,1592,783,583,0,173,0,34,19,0,19
250173397003,1058,794,23,0,157,0,0,84,0,84
250173397004,686,491,59,0,8,0,95,33,16,17
250173398011,2889,1667,77,0,816,0,16,313,0,313
250173398012,506,285,86,34,101,0,0,0,0,0
250173398013,1030,838,26,0,166,0,0,0,0,0
250173398014,513,425,17,0,71,0,0,0,0,0
250173398021,1319,981,41,6,270,0,0,21,11,10
250173398022,2543,1752,543,0,205,0,0,43,0,43
250173398023,803,695,65,0,25,0,0,18,0,18
250173399001,1590,1044,317,0,43,0,11,175,41,134
250173399002,632,354,75,0,203,0,0,0,0,0
250173399003,954,898,33,0,0,0,0,23,0,23
250173399004,989,444,94,0,451,0,0,0,0,0
250173399005,863,861,1,0,0,0,0,1,1,0
250173400001,850,667,109,0,60,0,0,14,0,14
250173400002,964,606,82,0,276,0,0,0,0,0
250173400003,666,461,41,0,131,0,0,33,0,33
250173401001,618,573,23,0,0,0,0,22,0,22
250173401002,861,845,0,0,0,0,0,16,0,16
250173401003,1514,1097,175,31,77,0,106,28,1,27
250173401004,1704,1250,264,0,168,0,0,22,22,0
250173401005,927,617,127,0,137,0,0,46,46,0
250173401006,816,511,0,0,305,0,0,0,0,0
250173411011,1732,703,129,0,835,0,43,22,0,22
250173411012,679,289,156,0,223,0,0,11,0,11
250173411013,1620,970,431,0,155,0,46,18,18,0
250173411021,1231,542,69,0,487,0,133,0,0,0
250173411022,660,522,17,0,107,0,14,0,0,0
250173411023,821,330,78,0,351,0,35,27,0,27
250173411024,842,305,37,0,474,0,26,0,0,0
250173411025,649,649,0,0,0,0,0,0,0,0
250173412001,972,461,0,0,347,0,0,164,0,164
250173412002,1432,757,257,0,339,0,0,79,0,79
250173412003,747,467,89,0,152,0,0,39,0,39
250173412004,1360,719,321,0,261,0,59,0,0,0
250173412005,1756,772,174,0,773,0,37,0,0,0
250173412006,885,488,131,0,266,0,0,0,0,0
250173413001,2419,846,479,8,1033,0,2,51,12,39
250173413002,818,416,142,0,221,0,0,39,0,39
250173413003,2126,1079,91,0,937,0,19,0,0,0
250173414001,793,406,14,0,191,27,23,132,0,132
250173414002,1369,545,272,0,432,0,0,120,0,120
250173414003,1689,875,151,0,547,0,42,74,0,74
250173414004,1782,1130,397,0,229,0,8,18,18,0
250173414005,744,557,70,0,117,0,0,0,0,0
250173415001,1383,553,424,0,233,0,15,158,0,158
250173415002,696,318,238,0,59,0,49,32,12,20
250173415003,1531,754,327,0,189,0,121,140,0,140
250173415004,1122,251,368,0,186,0,150,167,10,157
250173415005,1253,328,255,0,576,0,55,39,0,39
250173416001,621,328,0,0,293,0,0,0,0,0
250173416002,995,823,172,0,0,0,0,0,0,0
250173416003,1241,613,501,0,89,0,30,8,0,8
250173416004,871,534,125,0,203,0,0,9,0,9
250173416005,808,344,101,0,272,0,51,40,0,40
250173416006,1875,945,163,0,767,0,0,0,0,0
250173417001,427,386,0,0,41,0,0,0,0,0
250173417002,813,723,27,0,1,0,27,35,5,30
250173417003,1183,613,138,46,256,0,21,109,0,109
250173417004,1691,1338,183,0,117,0,53,0,0,0
250173417005,1472,556,826,0,53,0,0,37,0,37
250173418001,1419,866,490,0,0,0,57,6,0,6
250173418002,1584,774,676,0,29,0,93,12,0,12
250173418003,986,458,182,0,281,0,42,23,13,10
250173418004,584,420,58,0,106,0,0,0,0,0
250173418005,1442,620,286,0,489,0,0,47,0,47
250173418006,539,317,66,0,156,0,0,0,0,0
250173419011,544,409,117,0,18,0,0,0,0,0
250173419012,882,704,38,0,130,0,0,10,0,10
250173419021,1450,1090,181,0,179,0,0,0,0,0
250173419022,694,462,127,0,105,0,0,0,0,0
250173419023,1433,1030,93,0,190,0,0,120,120,0
250173419024,975,506,151,0,113,0,66,139,0,139
250173419025,1331,794,131,0,290,0,16,100,0,100
250173419026,2241,981,455,0,567,0,193,45,26,19
250173421011,1965,1017,288,0,245,0,194,221,0,221
250173421012,873,552,168,0,0,8,47,98,0,98
250173421013,836,491,95,0,146,0,104,0,0,0
250173421014,1097,825,35,0,46,0,54,137,0,137
250173421021,985,549,275,0,120,0,41,0,0,0
250173421022,667,530,50,0,0,0,23,64,0,64
250173421023,978,751,197,0,18,0,12,0,0,0
250173421024,1016,667,137,0,21,0,177,14,0,14
250173422011,3071,2114,614,0,0,0,135,208,0,208
250173422012,1805,1277,386,0,62,0,24,56,32,24
250173422021,2530,1669,401,0,210,0,144,106,0,106
250173422022,1570,1265,113,0,56,0,58,78,62,16
250173423001,830,577,65,0,172,0,0,16,0,16
250173423002,2909,1650,620,0,483,0,43,113,14,99
250173423003,2160,1238,370,0,65,0,156,331,29,302
250173423004,1644,953,178,0,376,0,0,137,40,97
250173424001,1420,940,444,0,24,0,0,12,0,12
250173424002,1291,922,243,2,124,0,0,0,0,0
250173424003,459,171,0,0,154,0,124,10,0,10
250173424004,2699,1026,687,51,0,0,776,159,92,67
250173424005,1094,627,354,0,0,0,113,0,0,0
250173425001,2802,1391,697,0,266,0,436,12,0,12
250173425002,2677,1413,815,0,0,0,414,35,13,22
250173425003,2571,1482,439,0,94,0,165,391,62,329
250173426001,991,515,136,0,20,0,172,148,0,148
250173426002,1164,699,227,0,17,0,38,183,9,174
250173426003,3108,1311,921,7,203,0,514,152,18,134
250173501031,0,0,0,0,0,0,0,0,0,0
250173501032,1388,1221,33,7,42,0,75,10,0,10
250173501041,2024,1321,111,0,247,0,300,45,0,45
250173501042,2865,1097,1653,0,81,0,0,34,34,0
250173501043,1634,859,20,0,313,0,416,26,26,0
250173501044,1087,583,91,0,407,0,0,6,0,6
250173502001,2156,2047,0,0,89,0,0,20,0,20
250173502002,351,289,43,0,0,0,0,19,0,19
250173502003,1085,906,0,0,151,0,11,17,0,17
250173502004,1539,1094,140,0,175,0,70,60,0,60
250173502005,553,303,32,0,142,0,0,76,0,76
250173502006,825,797,0,0,0,0,28,0,0,0
250173503001,968,843,45,5,17,0,43,15,0,15
250173503002,868,546,86,0,95,0,44,97,0,97
250173503003,749,597,26,0,95,0,23,8,0,8
250173504001,877,753,9,0,37,0,66,12,10,2
250173504002,971,898,0,0,27,0,36,10,0,10
250173504003,1623,1458,154,0,0,0,11,0,0,0
250173504004,1672,1460,50,0,86,0,26,50,0,50
250173504005,610,533,24,0,53,0,0,0,0,0
250173505001,631,588,7,0,22,0,7,7,0,7
250173505002,921,791,7,0,67,0,0,56,0,56
250173506001,1900,1377,113,0,299,8,7,96,5,91
250173506002,884,783,21,0,42,0,0,38,0,38
250173506003,592,493,11,0,67,2,8,11,0,11
250173506004,1156,1055,26,0,46,0,0,29,0,29
250173507001,986,908,15,0,14,0,49,0,0,0
250173507002,763,582,77,0,104,0,0,0,0,0
250173507003,928,818,49,0,15,0,0,46,0,46
250173507004,1334,890,388,0,56,0,0,0,0,0
250173507005,888,759,41,0,51,0,0,37,0,37
250173507006,1116,1019,14,0,57,0,0,26,0,26
250173508001,1045,847,26,0,66,0,0,106,0,106
250173508002,944,788,64,5,60,0,0,27,0,27
250173509001,1074,922,44,0,71,0,0,37,0,37
250173509002,1089,967,0,0,71,8,0,43,0,43
250173509003,1535,1320,0,0,166,0,0,49,16,33
250173510001,1510,1122,0,0,361,0,0,27,0,27
250173510002,619,599,0,0,0,0,0,20,0,20
250173510003,730,682,0,30,0,0,0,18,0,18
250173510004,2655,2147,27,0,304,0,48,129,0,129
250173510005,1128,979,0,0,129,0,0,20,0,20
250173510006,1126,1001,0,0,106,0,19,0,0,0
250173511001,1815,1515,132,0,93,0,46,29,12,17
250173511002,872,651,68,15,138,0,0,0,0,0
250173511003,1075,881,23,0,136,0,0,35,0,35
250173511004,611,479,0,0,73,0,0,59,0,59
250173511005,1591,1436,14,0,100,0,13,28,0,28
250173512031,1112,724,26,39,228,0,0,95,48,47
250173512032,1200,1017,44,0,91,0,0,48,0,48
250173512033,882,742,17,0,67,0,7,49,42,7
250173512034,1515,1156,67,0,214,0,0,78,11,67
250173512041,1646,1166,24,0,257,0,169,30,0,30
250173512042,1824,1470,41,7,218,0,42,46,0,46
250173512043,1069,838,24,0,144,0,29,34,0,34
250173513001,2278,1570,44,20,524,0,109,11,0,11
250173513002,1387,999,111,0,30,0,150,97,18,79
250173513003,670,561,40,0,47,0,0,22,0,22
250173514031,1066,619,0,0,124,0,207,116,35,81
250173514032,767,644,6,0,63,0,33,21,0,21
250173514033,752,460,114,0,92,0,86,0,0,0
250173514034,1406,906,177,0,147,0,17,159,0,159
250173514035,520,364,45,0,17,0,0,94,0,94
250173514041,1061,655,18,0,192,0,0,196,60,136
250173514042,1502,1123,202,0,30,0,13,134,0,134
250173514043,911,703,51,0,46,0,61,50,14,36
250173514044,628,242,168,0,156,0,0,62,0,62
250173515001,410,268,7,0,106,0,0,29,0,29
250173515002,2014,1493,366,0,88,0,41,26,18,8
250173521011,273,133,35,0,86,0,4,15,15,0
250173521012,1642,925,101,0,485,0,56,75,17,58
250173521021,1113,823,37,0,233,0,6,14,0,14
250173521022,1323,811,189,0,300,0,11,12,12,0
250173522001,1724,1263,286,6,117,0,25,27,0,27
250173523001,2595,1558,228,0,482,0,124,203,64,139
250173523002,1666,1030,118,0,362,0,0,156,10,146
250173524001,303,251,0,0,37,0,5,10,0,10
250173524002,1772,545,748,11,217,0,133,118,54,64
250173525001,1087,626,188,24,180,0,23,46,0,46
250173525002,1741,1387,108,0,190,0,0,56,0,56
250173526001,1430,1110,70,0,187,0,27,36,0,36
250173526002,1163,830,168,0,53,0,112,0,0,0
250173527001,1006,668,28,0,272,0,9,29,0,29
250173527002,744,455,187,13,39,0,0,50,0,50
250173527003,454,308,0,0,64,0,8,74,0,74
250173528001,415,287,0,0,113,0,0,15,0,15
250173528002,1779,1360,131,3,117,0,96,72,6,66
250173529001,947,653,50,0,80,16,0,148,0,148
250173529002,2010,1844,0,0,158,0,0,8,0,8
250173530001,30,18,0,0,0,12,0,0,0,0
250173530002,412,329,32,0,41,0,0,10,0,10
250173530003,931,586,189,0,118,0,38,0,0,0
250173530004,2236,1381,228,0,434,0,95,98,9,89
250173531011,1300,823,163,0,258,0,12,44,7,37
250173531012,1323,830,360,0,74,0,18,41,6,35
250173531021,2164,1318,113,0,528,0,31,174,56,118
250173531022,1388,713,43,0,480,0,14,138,26,112
250173531023,1307,704,91,10,373,0,57,72,10,62
250173532001,2831,1666,145,0,827,0,42,151,0,151
250173532002,1293,898,175,0,161,0,0,59,0,59
250173532003,1007,742,134,0,38,0,0,93,0,93
250173533001,1227,783,33,0,270,0,45,96,0,96
250173533002,1629,1048,167,0,304,0,0,110,8,102
250173533003,910,804,30,0,69,0,0,7,0,7
250173534001,1484,835,411,14,96,0,100,28,28,0
250173534002,1493,702,361,45,238,0,41,106,0,106
250173535001,938,718,108,0,92,0,0,20,10,10
250173535002,1696,1059,287,23,155,0,50,122,0,122
250173536001,586,451,19,0,96,0,0,20,0,20
250173536002,822,728,17,0,58,0,0,19,2,17
250173536003,871,697,26,0,34,0,69,45,0,45
250173536004,668,512,29,9,58,0,0,60,13,47
250173536005,1968,1255,161,10,317,5,81,139,16,123
250173537001,826,757,8,0,51,0,0,10,0,10
250173537002,1152,951,18,0,137,0,21,25,0,25
250173537003,1606,1023,86,0,337,4,78,78,15,63
250173537004,1285,775,80,0,272,0,76,82,42,40
250173537005,772,457,27,0,257,0,14,17,3,14
250173538001,817,708,0,0,109,0,0,0,0,0
250173538002,1010,689,55,0,123,0,106,37,4,33
250173538003,2062,1518,0,0,295,0,38,211,39,172
250173538004,757,467,38,0,218,0,0,34,0,34
250173539001,2126,1307,164,0,576,6,17,56,0,56
250173539002,1743,1116,113,0,397,0,57,60,21,39
250173539003,2302,1456,171,19,473,9,64,110,20,90
250173540001,858,716,18,0,116,0,0,8,0,8
250173540002,2311,1692,138,0,337,0,56,88,14,74
250173540003,1107,728,93,13,251,0,0,22,0,22
250173541001,359,280,22,0,47,0,0,10,0,10
250173541002,612,559,10,0,24,0,0,19,0,19
250173541003,1208,979,38,0,134,0,32,25,0,25
250173541004,641,529,0,0,79,0,11,22,0,22
250173542001,1480,1370,13,0,51,0,18,28,0,28
250173542002,1210,1010,0,0,96,9,89,6,0,6
250173542003,784,711,45,0,28,0,0,0,0,0
250173543001,1261,694,229,0,180,0,71,87,0,87
250173543002,867,572,19,0,210,0,0,66,0,66
250173543003,1086,807,128,0,98,0,0,53,0,53
250173544001,863,708,27,0,24,0,13,91,0,91
250173544002,938,756,38,0,89,0,17,38,0,38
250173545001,760,609,50,5,66,0,0,30,0,30
250173545002,1041,941,0,0,34,0,18,48,30,18
250173545003,467,432,11,0,9,0,15,0,0,0
250173546001,2081,1129,773,0,136,0,0,43,0,43
250173546002,723,667,24,0,17,0,15,0,0,0
250173546003,1449,886,121,0,380,0,0,62,0,62
250173546004,1332,766,42,0,418,0,0,106,0,106
250173547001,1432,1072,23,0,317,0,8,12,12,0
250173547002,1345,1120,146,3,76,0,0,0,0,0
250173548001,885,757,67,0,43,0,0,18,4,14
250173548002,1282,1013,32,5,172,0,25,35,0,35
250173549001,1025,777,103,0,118,0,15,12,0,12
250173549002,4111,889,2398,0,783,0,0,41,41,0
250173549003,2059,1404,169,0,382,0,75,29,19,10
250173550001,862,546,77,0,221,0,0,18,0,18
250173550002,1391,687,345,0,278,0,41,40,0,40
250173550003,904,736,63,0,70,0,0,35,0,35
250173561001,833,667,0,61,105,0,0,0,0,0
250173561002,1353,1203,0,0,63,0,35,52,0,52
250173561003,940,822,0,0,55,0,0,63,13,50
250173563001,917,613,44,16,244,0,0,0,0,0
250173563002,915,467,19,0,239,0,131,59,0,59
250173563003,826,720,0,0,65,0,18,23,0,23
250173563004,621,586,0,0,16,0,19,0,0,0
250173563005,1143,902,0,0,241,0,0,0,0,0
250173563006,956,582,2,0,322,0,0,50,0,50
250173564001,720,720,0,0,0,0,0,0,0,0
250173564002,1107,888,0,23,121,0,0,75,0,75
250173564003,999,680,0,0,250,0,0,69,0,69
250173564004,644,575,17,0,19,0,0,33,0,33
250173564005,797,785,12,0,0,0,0,0,0,0
250173564006,1255,1073,0,0,150,0,16,16,16,0
250173564007,773,773,0,0,0,0,0,0,0,0
250173564008,1210,1002,67,0,122,0,0,19,0,19
250173565001,1168,983,60,0,51,0,0,74,0,74
250173565002,1544,1235,2,0,172,0,37,98,34,64
250173565003,2116,1640,97,0,197,0,0,182,0,182
250173565004,698,623,60,0,0,0,0,15,0,15
250173565005,917,733,0,0,154,0,0,30,0,30
250173565006,786,657,109,0,18,0,2,0,0,0
250173566011,2195,1435,144,0,522,0,66,28,9,19
250173566012,1002,927,44,0,17,0,0,14,0,14
250173566013,571,548,0,0,23,0,0,0,0,0
250173566014,716,653,0,0,46,0,8,9,0,9
250173566021,1660,1315,45,0,222,0,0,78,0,78
250173566022,687,564,0,0,42,0,0,81,0,81
250173566023,852,728,0,0,124,0,0,0,0,0
250173566024,1058,909,30,0,26,0,11,82,0,82
250173567011,1250,1063,0,0,139,0,15,33,0,33
250173567012,1115,978,0,0,57,0,0,80,0,80
250173567013,1538,978,45,0,412,0,0,103,0,103
250173567014,782,570,0,0,197,0,0,15,0,15
250173567015,682,576,0,0,89,0,17,0,0,0
250173567016,748,596,18,0,60,0,15,59,0,59
250173567021,1047,936,18,0,54,0,0,39,0,39
250173567022,1065,800,18,20,204,0,19,4,0,4
250173567023,1703,1401,0,0,242,0,26,34,0,34
250173567024,644,597,0,0,47,0,0,0,0,0
250173567025,672,600,0,0,0,0,0,72,0,72
250173567026,983,983,0,0,0,0,0,0,0,0
250173567027,784,662,0,0,68,0,0,54,13,41
250173571001,945,836,32,0,69,0,0,8,0,8
250173571002,1466,737,48,0,632,0,0,49,0,49
250173571003,881,773,0,0,108,0,0,0,0,0
250173571004,1015,846,0,0,153,0,0,16,0,16
250173572001,1000,602,39,0,342,0,0,17,17,0
250173572002,882,700,0,0,159,0,0,23,0,23
250173572003,715,696,0,0,11,0,0,8,0,8
250173572004,786,766,10,0,0,0,0,10,0,10
250173573001,877,746,5,0,104,0,0,22,0,22
250173573002,1094,884,34,0,128,0,22,26,0,26
250173573003,1225,1008,0,35,153,0,0,29,0,29
250173574001,758,623,0,0,108,0,0,27,0,27
250173574002,720,626,0,0,70,0,0,24,0,24
250173574003,899,761,0,0,95,0,7,36,0,36
250173575001,527,367,33,0,69,0,0,58,0,58
250173575002,749,545,4,0,140,8,29,23,0,23
250173575003,834,709,30,0,73,0,8,14,0,14
250173576001,1033,770,0,0,238,0,6,19,9,10
250173576002,1700,1340,13,0,265,0,26,56,0,56
250173577001,1029,826,8,0,175,0,0,20,0,20
250173577002,708,554,62,0,92,0,0,0,0,0
250173577003,1083,680,53,0,337,0,0,13,0,13
250173577004,1066,887,33,0,120,0,1,25,0,25
250173578001,917,716,0,0,137,0,22,42,28,14
250173578002,875,774,0,0,59,0,0,42,0,42
250173578003,1159,1006,14,0,132,0,0,7,0,7
250173578004,1022,882,3,15,56,0,0,66,0,66
250173581001,1154,927,0,0,227,0,0,0,0,0
250173581002,1476,1104,72,21,199,0,23,57,0,57
250173581003,1541,1103,0,7,425,0,0,6,0,6
250173581004,1321,941,20,0,360,0,0,0,0,0
250173583001,3429,2302,55,0,972,0,52,48,0,48
250173583002,2509,1469,0,0,860,0,0,180,0,180
250173584001,911,743,0,0,143,0,16,9,0,9
250173584002,1269,1127,26,10,56,0,39,11,0,11
250173584003,1943,1287,58,8,581,0,0,9,0,9
250173584004,1182,700,0,0,352,0,0,130,0,130
250173585001,2341,1454,10,0,824,0,0,53,0,53
250173585002,679,534,0,0,115,0,0,30,0,30
250173585003,2218,1381,30,0,709,0,0,98,0,98
250173586001,1306,887,0,0,419,0,0,0,0,0
250173586002,554,368,0,0,186,0,0,0,0,0
250173586003,838,624,0,0,184,0,30,0,0,0
250173586004,1443,1246,0,0,135,0,0,62,0,62
250173586005,916,510,0,0,330,0,0,76,0,76
250173586006,1120,625,0,0,435,0,0,60,0,60
250173587001,2186,1304,0,0,753,0,0,129,0,129
250173587002,1368,908,0,0,453,0,0,7,7,0
250173587003,1635,1212,0,0,368,0,31,24,0,24
250173591001,1524,1256,28,0,197,0,0,43,0,43
250173591002,1371,1064,0,23,228,0,0,56,0,56
250173591003,1801,1418,151,0,225,0,3,4,0,4
250173591004,2039,1514,77,0,311,0,16,121,0,121
250173593001,1185,1097,0,0,56,0,0,32,0,32
250173593002,985,729,0,0,196,0,60,0,0,0
250173593003,1589,1523,10,0,32,0,10,14,0,14
250173593004,2923,2018,191,0,672,0,0,42,0,42
250173593005,688,537,14,0,137,0,0,0,0,0
250173601001,1924,1498,40,0,192,0,59,135,0,135
250173602001,781,561,10,0,115,0,9,86,34,52
250173602002,1019,756,2,0,185,0,36,40,0,40
250173602003,1346,1176,84,0,67,0,19,0,0,0
250173602004,1626,1382,112,0,132,0,0,0,0,0
250173611001,1176,1176,0,0,0,0,0,0,0,0
250173611002,1412,1367,0,0,45,0,0,0,0,0
250173611003,917,750,66,0,44,0,0,57,0,57
250173611004,1187,1166,0,0,21,0,0,0,0,0
250173611005,925,852,0,0,24,0,0,49,0,49
250173612001,3469,2369,470,0,57,0,493,80,26,54
250173612002,1144,964,0,0,120,0,5,55,11,44
250173612003,2943,2529,30,0,227,0,74,83,0,83
250173613001,1108,959,2,0,146,0,0,1,1,0
250173613002,1465,1465,0,0,0,0,0,0,0,0
250173613003,1257,867,0,0,315,0,0,75,0,75
250173613004,1522,1087,83,0,203,0,100,49,0,49
250173613005,832,788,0,0,15,0,0,29,10,19
250173621001,2436,2050,34,0,331,0,0,21,0,21
250173621002,2724,2357,0,7,252,0,12,96,0,96
250173631021,1477,1227,0,0,213,0,37,0,0,0
250173631022,2377,1268,165,0,868,0,0,76,0,76
250173631023,2805,1594,143,0,977,0,23,68,0,68
250173631031,2409,1538,59,0,765,0,38,9,0,9
250173631032,1123,871,0,0,168,0,0,84,20,64
250173631041,2803,1845,32,0,926,0,0,0,0,0
250173631042,976,869,0,0,107,0,0,0,0,0
250173631043,2061,1462,122,24,352,46,0,55,0,55
250173631044,346,270,0,0,76,0,0,0,0,0
250173632011,1190,1047,0,0,143,0,0,0,0,0
250173632012,1325,895,0,0,430,0,0,0,0,0
250173632013,863,774,1,0,78,0,9,1,1,0
250173632021,920,697,0,0,194,0,0,29,0,29
250173632022,1155,832,41,0,273,0,0,9,0,9
250173632023,1625,1352,1,0,226,0,0,46,8,38
250173641011,2105,1869,128,0,0,0,108,0,0,0
250173641012,1432,1208,28,0,119,0,34,43,43,0
250173641013,1988,1807,0,0,110,0,19,52,33,19
250173641021,1930,1652,278,0,0,0,0,0,0,0
250173641022,1306,1247,0,0,0,0,59,0,0,0
250173641023,622,622,0,0,0,0,0,0,0,0
250173641024,1177,1055,0,0,80,0,0,42,0,42
250173651001,1649,1019,101,0,333,0,98,98,0,98
250173651002,1825,1730,0,0,95,0,0,0,0,0
250173651003,2931,2533,0,0,344,0,22,32,0,32
250173651004,1572,1495,41,0,0,0,0,36,0,36
250173652011,2182,1954,0,0,225,0,3,0,0,0
250173652012,1231,1008,0,0,195,0,0,28,0,28
250173652013,1239,1120,0,4,110,0,0,5,0,5
250173652014,1298,1103,0,6,130,0,0,59,0,59
250173652021,2194,1890,0,0,216,0,0,88,14,74
250173652022,1153,1004,0,7,111,0,0,31,0,31
250173652023,1423,1249,5,0,120,0,0,49,0,49
250173661001,728,608,0,0,96,0,0,24,0,24
250173661002,1379,1161,0,0,151,0,30,37,0,37
250173661003,816,603,0,0,213,0,0,0,0,0
250173661004,980,835,0,0,134,0,4,7,0,7
250173661005,916,850,18,0,48,0,0,0,0,0
250173662011,2699,2383,0,0,262,0,9,45,0,45
250173662012,942,914,0,0,0,0,0,28,0,28
250173662021,2000,1682,0,0,259,47,12,0,0,0
250173662022,2073,1879,0,0,133,0,14,47,0,47
250173662023,1167,862,73,0,205,0,1,26,0,26
250173671001,1158,1010,11,0,75,0,38,24,0,24
250173671002,1125,935,0,0,183,0,0,7,0,7
250173671003,812,636,59,0,117,0,0,0,0,0
250173671004,1173,1101,15,0,46,0,0,11,0,11
250173672001,955,955,0,0,0,0,0,0,0,0
250173672002,1074,820,6,0,201,0,10,37,0,37
250173672003,2137,1639,68,16,146,0,137,131,121,10
250173672004,923,597,0,0,198,0,95,33,0,33
250173672005,809,650,50,0,109,0,0,0,0,0
250173672006,1062,872,29,0,143,0,0,18,0,18
250173672007,799,719,0,0,80,0,0,0,0,0
250173681011,950,931,0,0,0,0,0,19,0,19
250173681012,2797,1846,146,0,713,0,1,91,0,91
250173681013,1866,1149,29,0,523,0,16,149,52,97
250173681014,815,713,0,0,53,0,0,49,0,49
250173681021,2158,1470,281,43,294,0,42,28,0,28
250173681022,1593,1225,147,0,196,0,0,25,0,25
250173682001,1939,1388,76,0,339,0,122,14,0,14
250173682002,599,545,9,0,9,0,1,35,35,0
250173682003,565,431,49,0,13,0,64,8,0,8
250173682004,1343,989,109,0,125,0,80,40,0,40
250173683001,1345,999,212,0,134,0,0,0,0,0
250173683002,1450,983,222,0,24,0,53,168,80,88
250173683003,753,739,14,0,0,0,0,0,0,0
250173683004,1146,925,77,0,66,0,16,62,22,40
250173683005,550,362,21,0,167,0,0,0,0,0
250173684001,1460,896,105,0,209,0,237,13,0,13
250173684002,3926,2764,163,5,757,5,120,112,10,102
250173684003,1433,780,360,0,292,0,0,1,0,1
250173684004,1104,922,0,0,182,0,0,0,0,0
250173684005,626,330,53,0,225,0,0,18,0,18
250173685001,1132,762,68,19,39,0,225,19,19,0
250173685002,936,588,77,0,154,0,23,94,0,94
250173685003,1078,696,54,0,162,0,55,111,10,101
250173686001,649,649,0,0,0,0,0,0,0,0
250173686002,509,377,16,0,116,0,0,0,0,0
250173686003,1271,1136,37,0,50,0,40,8,0,8
250173686004,1847,1166,38,0,193,0,432,18,0,18
250173686005,1296,847,79,0,227,0,104,39,0,39
250173687001,1184,742,101,0,5,0,249,87,7,80
250173687002,1293,910,67,0,93,0,210,13,0,13
250173688001,669,457,0,13,97,0,88,14,0,14
250173688002,782,665,0,0,42,0,29,46,0,46
250173688003,1042,826,42,0,64,0,100,10,0,10
250173688004,1293,1222,50,0,4,0,9,8,8,0
250173688005,926,504,163,0,78,0,78,103,0,103
250173689011,2961,2221,162,0,346,0,85,147,21,126
250173689012,1067,918,0,0,22,0,113,14,0,14
250173689013,2526,1778,149,0,456,0,21,122,0,122
250173689014,637,637,0,0,0,0,0,0,0,0
250173689021,3144,1811,532,71,561,0,132,37,0,37
250173689022,813,419,45,0,151,0,152,46,0,46
250173689023,607,473,105,0,29,0,0,0,0,0
250173690001,1677,1373,75,0,188,0,15,26,0,26
250173691001,650,558,9,0,54,0,0,29,0,29
250173691002,881,771,41,0,35,0,0,34,0,34
250173691003,705,632,10,0,12,0,0,51,0,51
250173691004,1887,1810,35,0,16,0,0,26,0,26
250173691005,952,883,14,0,0,0,0,55,29,26
250173701011,1320,1244,0,0,48,0,0,28,0,28
250173701012,2057,1803,0,0,205,0,0,49,0,49
250173701013,1727,1396,115,0,155,0,21,40,0,40
250173701014,2478,1907,63,81,376,0,51,0,0,0
250173701021,1368,1239,0,0,85,0,0,44,44,0
250173701022,1718,1385,137,0,108,0,49,39,39,0
250173701023,1239,897,75,13,86,0,149,19,0,19
250173701024,2200,1663,39,0,355,0,130,13,0,13
250173701025,1413,1113,42,0,258,0,0,0,0,0
250173702011,964,909,37,0,18,0,0,0,0,0
250173702012,1420,1156,0,0,212,0,8,44,0,44
250173702013,1378,1148,26,0,175,0,2,27,0,27
250173702021,1040,1003,0,0,8,0,0,29,0,29
250173702022,828,772,0,0,10,0,28,18,0,18
250173702023,983,960,0,0,0,0,0,23,0,23
250173702024,1623,1102,9,0,88,0,424,0,0,0
250173703001,88,88,0,0,0,0,0,0,0,0
250173703002,1383,1201,12,0,117,0,53,0,0,0
250173703003,737,584,0,0,123,0,30,0,0,0
250173703004,839,764,17,0,30,0,0,28,0,28
250173703005,711,611,18,0,42,0,0,40,0,40
250173703006,1007,711,15,0,54,0,227,0,0,0
250173703007,757,640,30,0,53,0,18,16,0,16
250173704001,1074,956,0,0,31,0,0,87,0,87
250173704002,1247,1023,37,0,171,0,0,16,0,16
250173704003,671,650,0,0,0,0,0,21,0,21
250173704004,1159,996,17,0,6,0,29,111,0,111
250173704005,439,422,17,0,0,0,0,0,0,0
250173704006,685,666,0,0,0,0,0,19,0,19
250173731001,856,507,67,0,282,0,0,0,0,0
250173731002,969,686,0,0,135,0,1,147,0,147
250173731003,734,696,34,0,1,0,3,0,0,0
250173731004,1036,870,79,0,43,0,24,20,20,0
250173731005,1273,951,0,0,301,0,0,21,0,21
250173732001,1045,835,44,0,132,7,7,20,0,20
250173732002,1020,840,0,0,144,0,30,6,0,6
250173732003,838,595,11,0,206,0,0,26,0,26
250173732004,1704,1228,91,0,112,0,230,43,15,28
250173733001,666,544,2,0,120,0,0,0,0,0
250173733002,1367,1102,25,0,161,0,11,68,0,68
250173733003,1172,816,175,0,181,0,0,0,0,0
250173734001,1996,1624,119,7,151,0,7,88,0,88
250173734002,1349,1021,44,0,191,0,50,43,0,43
250173735001,698,679,0,0,19,0,0,0,0,0
250173735002,1523,1328,0,0,152,0,0,43,0,43
250173735003,1020,748,0,0,230,0,0,42,0,42
250173735004,2891,2174,121,0,337,0,204,55,13,42
250173736001,2977,2252,218,0,366,0,54,87,7,80
250173736002,2081,1538,82,0,273,0,72,116,30,86
250173736003,1329,1196,12,0,105,0,9,7,0,7
250173737001,797,717,40,0,9,0,0,31,0,31
250173737002,1055,962,0,0,71,0,0,22,10,12
250173737003,1067,915,0,0,110,0,0,42,0,42
250173737004,661,545,13,0,58,0,9,36,0,36
250173738001,2227,1762,15,7,364,0,18,61,2,59
250173738002,1391,829,44,0,460,0,0,58,14,44
250173738003,1675,1271,13,0,370,0,0,21,0,21
250173738004,859,719,2,0,36,0,0,102,0,102
250173739001,1879,1311,18,0,485,0,46,19,19,0
250173739002,2042,1602,15,0,394,0,0,31,0,31
250173739003,1359,1062,154,0,126,0,0,17,0,17
250173739004,901,727,151,0,0,0,23,0,0,0
250173740001,1495,954,0,27,471,0,43,0,0,0
250173740002,2464,1689,310,11,292,0,76,86,0,86
250173740003,1414,1116,12,0,263,0,15,8,0,8
250173741001,2105,1266,67,22,557,0,128,65,11,54
250173741002,1709,1182,42,0,358,0,0,127,0,127
250173741003,1120,756,86,0,236,0,34,8,0,8
250173742001,1114,881,43,0,96,0,0,94,0,94
250173742002,1831,1672,8,0,83,0,0,68,53,15
250173742003,1453,1038,18,0,271,0,16,110,0,110
250173743001,1394,1095,8,0,161,0,10,120,11,109
250173743002,1228,1127,9,0,75,0,0,17,0,17
250173743003,934,801,48,0,67,0,0,18,0,18
250173744001,1692,1359,77,0,161,0,16,79,0,79
250173744002,879,710,21,0,34,0,0,114,18,96
250173744003,837,591,10,0,219,0,0,17,0,17
250173744004,1958,1675,8,0,210,0,32,33,0,33
250173744005,993,842,14,0,137,0,0,0,0,0
250173745001,789,586,92,0,73,0,29,9,9,0
250173745002,1324,1038,0,0,194,0,29,63,0,63
250173745003,803,678,35,0,70,0,0,20,0,20
250173745004,832,591,10,0,223,0,0,8,0,8
250173745005,836,702,0,0,76,0,19,39,0,39
250173746001,1787,1419,65,0,152,0,27,124,0,124
250173746002,1034,959,7,0,68,0,0,0,0,0
250173746003,1453,1092,9,0,323,0,0,29,0,29
250173746004,917,624,72,0,85,0,128,8,0,8
250173747001,2735,2053,23,0,532,0,25,102,0,102
250173747002,1916,1498,26,0,339,0,9,44,0,44
250173748001,1497,1249,75,6,74,0,14,79,0,79
250173748002,2356,1690,91,3,466,0,24,82,22,60
250173748003,1123,873,0,13,153,0,0,84,29,55
250173821001,1569,1389,36,0,100,0,1,43,1,42
250173821002,936,660,64,0,212,0,0,0,0,0
250173821003,948,783,0,0,165,0,0,0,0,0
250173821004,895,870,0,0,7,0,0,18,0,18
250173821005,915,869,21,0,25,0,0,0,0,0
250173822001,1124,968,61,8,87,0,0,0,0,0
250173822002,1615,1297,0,0,169,0,19,130,0,130
250173822003,871,820,0,0,51,0,0,0,0,0
250173822004,1719,1382,11,0,80,0,237,9,0,9
250173823001,681,645,4,0,32,0,0,0,0,0
250173823002,2385,2025,39,11,225,0,11,74,23,51
250173823003,1101,993,30,0,33,0,16,29,29,0
250173823004,1878,1776,40,0,41,0,0,21,0,21
250173824001,1434,1254,92,0,88,0,0,0,0,0
250173824002,2125,2002,9,0,89,0,0,25,8,17
250173824003,1354,1221,36,0,79,0,0,18,0,18
250173825001,2315,1983,30,4,285,0,0,13,13,0
250173825002,975,657,42,0,232,0,44,0,0,0
250173825003,1817,1639,43,0,112,0,18,5,5,0
250173826011,1917,935,0,0,961,0,0,21,21,0
250173826012,1186,672,22,0,472,0,0,20,0,20
250173826013,1622,1159,61,0,321,0,20,61,0,61
250173826021,539,436,0,12,81,0,0,10,10,0
250173826022,1241,923,0,1,306,0,0,11,0,11
250173826023,1310,1091,0,0,145,0,52,22,0,22
250173826024,1485,1344,0,0,99,0,35,7,0,7
250173831011,1993,933,100,80,27,0,409,444,43,401
250173831012,1769,1325,30,0,74,0,196,144,11,133
250173831021,2306,1636,341,0,22,0,168,139,17,122
250173831022,3374,1141,695,0,63,0,956,519,19,500
250173832001,2324,627,279,0,173,0,1245,0,0,0
250173832002,1122,775,104,0,79,0,56,108,21,87
250173832003,1210,759,77,0,0,0,106,268,0,268
250173832004,1684,1216,187,13,93,0,116,59,0,59
250173833001,1249,870,179,0,73,0,22,105,11,94
250173833002,1796,1390,31,0,71,0,65,239,21,218
250173834001,1778,1520,0,0,112,0,18,128,128,0
250173834002,1645,1225,0,130,66,0,151,73,73,0
250173834003,1596,828,54,0,80,0,624,10,0,10
250173834004,1321,1280,22,0,19,0,0,0,0,0
250173835011,2015,1017,172,0,637,0,100,89,17,72
250173835012,1649,1141,131,0,85,0,209,83,0,83
250173835013,1202,624,72,0,174,0,262,70,12,58
250173835021,2217,1741,206,8,88,8,68,98,16,82
250173835022,1474,1281,55,12,58,0,19,49,25,24
250173836001,1173,1021,0,0,152,0,0,0,0,0
250173836002,1495,407,628,102,213,0,116,29,0,29
250173836003,2093,1579,257,9,182,0,19,47,0,47
250173836004,1597,1456,54,0,16,0,53,18,0,18
250173837001,1199,1061,0,0,138,0,0,0,0,0
250173837002,674,634,0,0,40,0,0,0,0,0
250173837003,1972,1929,0,0,13,0,20,10,0,10
250173837004,1195,1100,72,0,23,0,0,0,0,0
250173838001,1118,803,8,0,273,0,0,34,0,34
250173838002,988,640,0,0,331,0,17,0,0,0
250173838003,961,947,0,13,0,0,0,1,1,0
250173838004,1516,1410,26,0,0,0,33,47,0,47
250173838005,1054,793,103,0,128,0,9,21,0,21
250173839011,1046,992,48,0,0,0,6,0,0,0
250173839012,851,837,0,0,14,0,0,0,0,0
250173839013,1560,1351,76,0,107,0,0,26,0,26
250173839014,1336,944,192,1,52,0,70,77,15,62
250173839015,1459,1423,36,0,0,0,0,0,0,0
250173839016,1773,1492,19,0,196,0,23,43,20,23
250173839021,2648,2194,144,0,260,0,26,24,0,24
250173839022,1251,1164,22,0,65,0,0,0,0,0
250173839023,1376,1207,27,10,109,0,0,23,6,17
250173840011,1512,1252,114,0,102,0,14,30,6,24
250173840021,2473,1634,77,0,649,0,85,28,0,28
250173840022,716,589,0,0,80,0,0,47,0,47
250173840023,2472,1801,153,0,446,0,56,16,0,16
250173851001,1476,1302,76,0,51,0,9,38,0,38
250173851002,4377,3960,84,0,212,0,10,111,19,92
250173851003,1068,948,73,0,28,0,0,19,0,19
250173852011,1788,1516,11,0,179,0,21,61,2,59
250173852012,875,795,80,0,0,0,0,0,0,0
250173852021,2577,2101,147,0,329,0,0,0,0,0
250173852022,3199,2671,33,0,495,0,0,0,0,0
250173852023,828,673,0,0,105,0,0,50,0,50
250173852024,1290,1070,29,0,94,0,26,71,52,19
250173861001,973,930,0,0,16,0,13,14,14,0
250173861002,1906,1728,6,0,124,0,0,48,0,48
250173861003,1423,1285,10,0,38,0,9,81,0,81
250173871001,814,783,0,0,7,0,0,24,0,24
250173871002,731,710,12,0,9,0,0,0,0,0
250173871003,1840,1756,37,0,14,0,0,33,33,0
250173871004,798,716,0,0,45,0,0,37,0,37
250173872011,3374,2874,75,0,304,0,32,89,0,89
250173872012,765,712,39,0,14,0,0,0,0,0
250173872013,887,863,0,0,15,0,0,9,0,9
250173872014,1100,1048,0,0,52,0,0,0,0,0
250173872021,1324,1158,13,0,76,0,10,67,21,46
250173872022,844,765,0,0,71,0,0,8,0,8
250173872023,2003,1961,19,0,0,0,23,0,0,0
250173881001,2723,2125,0,0,565,0,0,33,0,33
250173881002,1480,1213,16,0,235,0,0,16,0,16
250173881003,1343,822,33,0,318,0,84,86,0,86
250173882001,932,819,104,0,0,0,0,9,0,9
250173882002,3375,2770,41,0,225,13,87,239,0,239
250173882003,3265,1714,488,3,149,0,522,389,79,310
250173883001,1519,971,55,0,194,0,210,89,54,35
250173883002,1365,732,108,0,178,0,328,19,7,12
250173883003,2381,1617,154,0,338,10,167,95,17,78
250173883004,911,345,200,0,224,0,69,73,6,67
250179800001,0,0,0,0,0,0,0,0,0,0
250214001001,673,486,0,0,126,0,0,61,20,41
250214001002,1004,791,51,0,90,3,25,44,5,39
250214001003,2106,1565,16,0,378,0,0,147,22,125
250214001004,1521,1145,23,0,55,4,175,119,0,119
250214002001,1656,946,0,11,650,0,0,49,0,49
250214002002,3183,2008,143,0,867,0,67,98,0,98
250214002003,1404,995,81,0,216,0,0,112,0,112
250214003001,1220,1045,4,0,105,0,0,66,0,66
250214003002,1535,999,42,0,353,10,68,63,6,57
250214003003,1642,1366,8,0,226,0,24,18,0,18
250214004001,2079,1671,25,0,277,0,3,103,0,103
250214004002,2676,2276,13,0,319,0,10,58,0,58
250214004003,992,898,0,0,84,0,10,0,0,0
250214005001,2271,1802,20,0,264,0,78,107,0,107
250214005002,1444,1209,5,0,150,0,0,80,18,62
250214005003,1493,1319,20,0,95,0,37,22,0,22
250214006001,1336,1150,0,0,130,0,0,56,0,56
250214006002,3169,2371,185,10,487,0,0,116,0,116
250214006003,795,676,12,0,107,0,0,0,0,0
250214007001,945,733,8,0,164,0,0,40,0,40
250214007002,1451,1057,0,0,247,0,42,105,0,105
250214007003,908,731,29,0,113,0,0,35,0,35
250214008001,1261,907,4,0,257,0,39,54,14,40
250214008002,2030,1619,41,0,324,0,46,0,0,0
250214008003,2216,1574,100,0,485,0,18,39,0,39
250214009001,1817,1104,36,0,605,0,41,31,9,22
250214009002,553,260,270,0,0,0,15,8,0,8
250214009003,1801,1396,57,12,301,0,5,30,0,30
250214010001,776,586,26,9,155,0,0,0,0,0
250214010002,776,730,0,0,38,0,8,0,0,0
250214010003,1687,894,210,0,288,0,61,234,33,201
250214011001,1532,1215,70,7,176,0,7,57,19,38
250214011002,989,780,37,0,125,0,4,43,0,43
250214011003,1602,1241,18,0,173,0,32,138,0,138
250214012001,1729,1465,123,0,79,0,32,30,7,23
250214012002,1322,996,96,0,230,0,0,0,0,0
250214012003,1763,1313,16,0,230,0,0,204,51,153
250214012004,1889,1290,152,0,350,0,0,97,63,34
250214021011,594,522,0,0,72,0,0,0,0,0
250214021012,1104,806,185,0,38,0,17,58,0,58
250214021013,521,479,42,0,0,0,0,0,0,0
250214021014,1353,1275,22,0,37,0,0,19,0,19
250214021021,986,740,170,0,43,0,33,0,0,0
250214021022,1329,975,30,0,61,0,172,91,73,18
250214021023,825,552,148,0,0,0,96,29,0,29
250214021024,1338,1099,193,0,9,0,21,16,0,16
250214022001,1105,877,122,13,35,0,42,16,0,16
250214022002,1227,1056,110,0,19,0,17,25,0,25
250214023001,881,804,0,0,7,0,56,14,0,14
250214023002,1290,1164,15,0,34,0,0,77,0,77
250214023003,2223,2026,56,29,109,0,3,0,0,0
250214024001,1270,847,423,0,0,0,0,0,0,0
250214024002,704,594,21,0,0,0,89,0,0,0
250214024003,867,713,154,0,0,0,0,0,0,0
250214024004,713,713,0,0,0,0,0,0,0,0
250214024005,525,508,0,0,0,0,0,17,17,0
250214024006,2312,1933,187,0,162,0,0,30,30,0
250214025001,1139,921,60,0,5,0,0,153,153,0
250214025002,3071,2701,246,16,33,0,57,18,0,18
250214031001,733,672,0,0,61,0,0,0,0,0
250214031002,1127,1093,0,0,34,0,0,0,0,0
250214031003,706,686,0,0,20,0,0,0,0,0
250214031004,1270,1099,0,0,140,0,0,31,0,31
250214031005,947,837,1,0,78,0,0,31,0,31
250214031006,1059,998,0,0,29,0,0,32,0,32
250214031007,958,937,0,0,21,0,0,0,0,0
250214033001,1178,1116,11,0,39,0,0,12,0,12
250214033002,1054,1009,0,0,12,0,0,33,0,33
250214033003,1974,1744,113,0,58,0,0,59,0,59
250214034001,1630,1275,41,0,281,0,0,33,0,33
250214034002,1403,1366,4,0,33,0,0,0,0,0
250214034003,1317,849,82,0,292,0,0,94,32,62
250214034004,622,622,0,0,0,0,0,0,0,0
250214034005,1787,1565,22,0,106,0,8,86,8,78
250214035001,2472,1996,0,0,251,0,126,99,0,99
250214035002,1496,981,207,0,254,0,4,50,0,50
250214035003,2783,2332,80,0,317,0,0,54,31,23
250214041001,1904,1302,135,30,353,0,0,84,8,76
250214041002,1177,824,123,0,171,0,9,50,0,50
250214041003,1101,860,0,0,241,0,0,0,0,0
250214042011,1228,1209,11,0,0,0,0,8,0,8
250214042012,924,911,0,0,0,0,0,13,0,13
250214042013,881,813,17,0,7,0,0,44,0,44
250214042014,767,735,0,0,22,0,0,10,0,10
250214042021,1331,1182,13,0,95,0,15,26,0,26
250214042022,1079,1011,49,0,0,0,0,19,0,19
250214042023,2562,1803,197,0,420,7,56,79,31,48
250214043011,1318,1306,0,0,12,0,0,0,0,0
250214043012,983,919,0,0,55,0,0,9,0,9
250214043013,1264,1154,0,0,93,0,0,17,0,17
250214043014,1271,957,8,0,295,0,0,11,0,11
250214043015,854,595,17,0,223,0,0,19,0,19
250214043021,1731,1303,26,0,263,0,76,63,0,63
250214043022,779,647,0,0,120,0,0,12,0,12
250214043023,1211,1182,0,0,9,0,20,0,0,0
250214044001,1180,1069,0,0,77,0,0,34,0,34
250214044002,578,463,41,0,62,0,10,2,1,1
250214044003,830,765,0,0,59,0,0,6,6,0
250214044004,825,786,12,0,22,0,0,5,5,0
250214044005,3226,2040,285,0,649,11,63,178,30,148
250214051001,955,777,0,0,178,0,0,0,0,0
250214051002,2572,2183,101,0,212,0,0,76,0,76
250214051003,1520,1404,78,0,38,0,0,0,0,0
250214051004,875,802,0,0,47,0,0,26,0,26
250214061011,3126,2643,92,0,351,0,0,40,0,40
250214061012,1382,1339,43,0,0,0,0,0,0,0
250214061013,1603,1446,0,19,138,0,0,0,0,0
250214061021,1886,1805,0,0,23,0,0,58,0,58
250214061022,833,833,0,0,0,0,0,0,0,0
250214061023,1174,1163,0,0,0,0,11,0,0,0
250214061024,2606,2407,0,0,137,0,28,34,0,34
250214071001,1435,1404,0,0,0,0,31,0,0,0
250214071002,1395,1395,0,0,0,0,0,0,0,0
250214071003,2348,2273,0,0,38,0,37,0,0,0
250214071004,1115,1047,15,0,0,0,53,0,0,0
250214071005,1851,1715,0,0,61,0,75,0,0,0
250214081011,2131,2100,7,0,13,0,0,11,0,11
250214081012,2112,2060,25,0,0,0,0,27,0,27
250214081013,3206,2855,38,0,248,0,0,65,0,65
250214081014,633,555,0,0,78,0,0,0,0,0
250214081021,1108,1024,23,0,36,0,0,25,0,25
250214081022,2084,1857,179,0,10,0,18,20,0,20
250214081023,907,814,16,0,26,0,15,36,0,36
250214081024,981,951,0,0,0,0,9,21,0,21
250214091011,2369,2338,0,31,0,0,0,0,0,0
250214091012,864,847,0,0,11,0,6,0,0,0
250214091013,3157,1913,778,20,5,0,320,121,77,44
250214091021,2218,2174,0,0,44,0,0,0,0,0
250214091022,3063,2893,0,0,93,0,17,60,0,60
250214101001,619,580,0,0,0,0,0,39,0,39
250214101002,3123,2951,59,0,55,0,17,41,0,41
250214101003,567,566,0,0,0,0,1,0,0,0
250214101004,2251,2209,0,0,0,0,0,42,0,42
250214103001,1810,1612,32,0,15,0,0,151,0,151
250214103002,2824,2378,234,0,111,0,20,81,0,81
250214104001,933,895,0,0,18,0,0,20,0,20
250214104002,1739,1570,116,0,53,0,0,0,0,0
250214104003,688,688,0,0,0,0,0,0,0,0
250214104004,1088,813,264,0,11,0,0,0,0,0
250214104005,1806,1498,258,0,50,0,0,0,0,0
250214111001,1806,1517,13,0,0,0,276,0,0,0
250214111002,1600,1111,299,0,128,0,62,0,0,0
250214111003,1673,1587,15,0,0,0,27,44,0,44
250214111004,1434,1365,0,0,69,0,0,0,0,0
250214111005,1663,1572,0,0,0,0,0,91,0,91
250214112001,1508,1464,15,0,0,0,17,12,0,12
250214112002,3189,2860,127,0,106,0,0,96,0,96
250214112003,1619,1118,43,0,352,0,22,84,0,84
250214112004,759,723,0,0,23,0,0,13,0,13
250214113011,3039,2889,0,0,28,0,26,96,0,96
250214113012,1264,1197,0,0,64,0,0,3,0,3
250214113013,1501,1501,0,0,0,0,0,0,0,0
250214113021,814,729,6,0,68,0,11,0,0,0
250214113022,2282,1927,69,18,177,0,91,0,0,0
250214113023,809,737,0,0,54,0,0,18,0,18
250214121001,2212,1955,0,0,257,0,0,0,0,0
250214121002,1105,978,0,0,68,0,0,59,0,59
250214121003,1951,1724,0,0,153,0,20,54,0,54
250214121004,1434,1350,0,0,41,0,0,43,0,43
250214122001,1763,1532,0,0,202,0,7,22,0,22
250214122002,2049,1878,5,0,57,0,105,4,0,4
250214123001,1185,1006,41,0,138,0,0,0,0,0
250214123002,1183,1053,0,0,106,0,0,24,0,24
250214123003,902,849,0,0,31,0,7,15,0,15
250214123004,1813,1631,1,0,129,0,27,25,0,25
250214131001,1347,1079,100,0,35,0,47,86,0,86
250214131002,1086,1073,0,0,13,0,0,0,0,0
250214131003,1055,881,0,0,123,0,26,25,0,25
250214131004,1153,1034,84,0,0,0,35,0,0,0
250214131005,850,729,57,0,36,0,28,0,0,0
250214132001,1247,1165,55,0,27,0,0,0,0,0
250214132002,1604,1338,201,0,31,0,0,34,0,34
250214132003,1181,1022,33,0,126,0,0,0,0,0
250214132004,2386,2162,58,0,151,0,0,15,0,15
250214133001,2073,1727,59,0,248,0,32,7,0,7
250214133002,1385,1293,57,0,0,0,22,13,0,13
250214133003,1410,1388,0,0,22,0,0,0,0,0
250214134011,745,638,84,0,0,0,23,0,0,0
250214134012,1247,1102,128,0,0,0,17,0,0,0
250214134013,1036,971,65,0,0,0,0,0,0,0
250214134021,1332,1149,66,0,101,0,16,0,0,0
250214134022,2192,1092,272,0,713,0,0,115,0,115
250214134023,1261,1133,107,0,0,0,0,21,0,21
250214135001,1737,1223,99,0,364,0,45,6,6,0
250214135002,1518,1048,298,0,0,0,165,7,0,7
250214135003,1276,978,138,0,75,0,57,28,14,14
250214141001,1028,708,0,0,261,0,28,31,0,31
250214141002,385,277,0,0,91,0,17,0,0,0
250214141003,2341,1816,181,0,344,0,0,0,0,0
250214141004,1884,1526,14,0,250,0,31,63,0,63
250214142001,749,712,0,0,37,0,0,0,0,0
250214142002,3023,2192,154,0,593,0,74,10,0,10
250214142003,1089,860,0,0,158,0,0,71,0,71
250214142004,2538,2045,7,0,476,0,0,10,0,10
250214143001,3050,2400,150,0,400,0,7,93,0,93
250214143002,912,748,8,0,120,0,0,36,0,36
250214143003,1246,1155,21,0,70,0,0,0,0,0
250214151011,1590,1476,0,0,86,0,28,0,0,0
250214151012,3266,2490,234,0,343,12,28,159,53,106
250214151021,1605,1501,0,0,0,0,84,20,0,20
250214151022,1358,905,261,0,107,0,0,85,24,61
250214151023,2043,1520,231,0,163,0,71,58,0,58
250214151024,1675,1417,39,0,74,0,84,61,0,61
250214151025,1677,1408,16,0,232,0,0,21,21,0
250214152001,3112,2818,258,0,17,0,0,19,0,19
250214152002,2632,1934,277,0,336,0,0,85,26,59
250214153001,2588,2299,64,0,205,0,20,0,0,0
250214153002,1283,1188,5,0,74,0,0,16,0,16
250214161011,518,446,0,0,72,0,0,0,0,0
250214161012,1960,1554,78,0,240,0,53,35,0,35
250214161013,2248,1722,272,0,123,0,91,40,0,40
250214161014,1026,806,0,0,190,0,0,30,0,30
250214161021,3028,2405,256,9,237,0,30,91,35,56
250214161022,951,718,192,0,17,0,0,24,5,19
250214162001,952,73,810,0,0,0,0,69,0,69
250214162002,828,645,40,0,48,0,0,95,0,95
250214162003,1403,1196,0,0,55,0,66,86,0,86
250214162004,754,421,248,0,58,0,0,27,0,27
250214162005,789,370,330,0,89,0,0,0,0,0
250214162006,986,474,425,0,0,0,34,53,0,53
250214162007,1188,478,663,0,0,0,18,29,10,19
250214163001,1498,1392,46,0,37,0,0,23,0,23
250214163002,701,364,276,0,27,0,0,34,0,34
250214163003,684,597,78,0,0,0,0,9,0,9
250214163004,950,834,0,0,91,0,0,25,0,25
250214163005,1048,534,396,0,6,0,9,103,55,48
250214164001,587,461,13,0,56,0,0,57,0,57
250214164002,493,368,0,0,109,0,0,16,0,16
250214164003,1055,955,0,0,100,0,0,0,0,0
250214164004,846,787,0,0,47,0,0,12,0,12
250214164005,1143,1143,0,0,0,0,0,0,0,0
250214164006,1061,1046,0,0,15,0,0,0,0,0
250214164007,830,623,13,0,194,0,0,0,0,0
250214171001,959,496,0,0,424,0,39,0,0,0
250214171002,827,517,121,0,174,0,0,15,0,15
250214171003,1274,747,0,0,515,0,0,12,0,12
250214171004,952,736,82,0,118,0,16,0,0,0
250214171005,690,540,0,0,136,0,0,14,0,14
250214172001,2749,1322,122,0,1305,0,0,0,0,0
250214172002,864,516,160,0,170,0,0,18,0,18
250214172003,953,367,0,0,586,0,0,0,0,0
250214172004,748,463,16,0,269,0,0,0,0,0
250214172005,952,700,0,0,252,0,0,0,0,0
250214172006,885,629,25,0,88,0,0,143,0,143
250214172007,780,85,0,0,695,0,0,0,0,0
250214173001,2047,1680,38,0,329,0,0,0,0,0
250214173002,950,717,38,0,186,0,1,8,0,8
250214174001,920,909,0,0,0,0,0,11,0,11
250214174002,978,764,98,0,73,0,31,12,12,0
250214174003,491,474,0,0,17,0,0,0,0,0
250214175011,997,809,0,0,112,0,29,47,0,47
250214175012,1494,659,0,21,774,0,40,0,0,0
250214175013,1438,836,39,0,406,0,0,157,0,157
250214175014,1113,375,0,0,738,0,0,0,0,0
250214175021,798,439,15,0,274,0,9,61,0,61
250214175022,1047,264,23,0,760,0,0,0,0,0
250214175023,1184,317,46,0,795,0,0,26,0,26
250214175024,1558,655,88,0,781,0,0,34,0,34
250214176011,531,517,14,0,0,0,0,0,0,0
250214176012,1852,1241,39,0,490,0,17,65,7,58
250214176013,1671,622,0,0,1049,0,0,0,0,0
250214176014,1071,242,15,100,714,0,0,0,0,0
250214176021,1470,1258,40,0,150,0,22,0,0,0
250214176022,1611,959,86,0,434,132,0,0,0,0
250214176023,1954,941,128,0,885,0,0,0,0,0
250214177011,1428,931,75,0,422,0,0,0,0,0
250214177012,854,694,17,0,143,0,0,0,0,0
250214177013,1956,852,87,0,926,0,0,91,0,91
250214177014,1142,849,37,0,238,0,0,18,0,18
250214177021,711,685,0,0,19,0,0,7,0,7
250214177022,1029,542,200,0,209,0,20,58,0,58
250214177023,1034,915,0,0,111,0,0,8,0,8
250214178011,526,510,16,0,0,0,0,0,0,0
250214178012,1172,778,323,0,27,0,0,44,0,44
250214178013,866,791,0,0,75,0,0,0,0,0
250214178014,866,754,15,0,97,0,0,0,0,0
250214178015,1377,1296,0,0,16,0,0,65,0,65
250214178021,1936,1157,49,0,641,0,0,89,0,89
250214178022,1385,492,163,0,680,0,0,50,0,50
250214179011,1306,885,136,0,266,0,0,19,0,19
250214179012,2416,1678,172,0,354,0,120,92,58,34
250214179013,1261,722,169,0,311,0,19,40,0,40
250214179014,712,280,0,0,382,0,0,50,25,25
250214179015,801,641,0,0,101,0,0,59,0,59
250214179021,1545,978,89,0,436,0,42,0,0,0
250214179022,1443,910,181,0,352,0,0,0,0,0
250214179023,1049,746,45,0,243,6,0,9,0,9
250214180021,1642,766,137,0,703,0,0,36,0,36
250214180022,514,493,0,0,0,0,21,0,0,0
250214180023,1216,1112,9,0,95,0,0,0,0,0
250214180024,1214,739,29,0,436,0,0,10,10,0
250214180025,2611,756,274,15,1455,0,37,74,37,37
250214180031,2793,1855,178,0,657,0,60,43,0,43
250214180041,1574,1005,35,0,513,0,0,21,0,21
250214180042,546,331,76,0,114,0,0,25,0,25
250214180043,2257,1233,115,0,735,0,93,81,0,81
250214181011,1670,1136,0,0,534,0,0,0,0,0
250214181012,2640,1874,77,0,684,0,0,5,0,5
250214181013,471,405,24,0,42,0,0,0,0,0
250214181021,957,747,92,0,114,0,4,0,0,0
250214181022,2343,1633,152,0,350,0,102,106,10,96
250214182001,1540,1097,46,0,332,0,65,0,0,0
250214182002,2129,1487,526,0,116,0,0,0,0,0
250214182003,887,700,47,0,123,0,0,17,0,17
250214182004,2197,1294,174,0,438,0,131,160,117,43
250214191001,2170,1605,217,0,348,0,0,0,0,0
250214191002,1722,1483,0,0,239,0,0,0,0,0
250214191003,1421,1262,2,0,123,0,16,18,18,0
250214191004,715,340,186,0,176,0,0,13,0,13
250214192001,2776,2266,115,0,349,0,2,44,0,44
250214192002,737,675,0,0,62,0,0,0,0,0
250214192003,552,524,0,0,19,0,9,0,0,0
250214192004,1267,1078,40,0,86,0,0,63,0,63
250214193001,1510,849,201,20,338,0,0,102,0,102
250214193002,595,482,0,0,75,0,38,0,0,0
250214193003,1018,827,173,0,9,0,0,9,0,9
250214193004,1023,915,0,0,96,0,0,12,12,0
250214194001,687,660,0,0,0,0,27,0,0,0
250214194002,1032,985,0,0,47,0,0,0,0,0
250214194003,1499,1044,76,0,297,0,0,82,0,82
250214195001,975,827,83,0,54,0,0,11,0,11
250214195002,2045,1626,68,0,310,0,22,19,0,19
250214196001,1441,1221,80,0,124,0,0,16,0,16
250214196002,1177,1055,0,0,84,0,0,38,0,38
250214196003,2080,1856,0,46,94,0,33,51,0,51
250214196004,2073,1953,0,0,120,0,0,0,0,0
250214197001,1653,1070,0,0,467,0,52,64,12,52
250214197002,2527,2191,7,0,212,0,0,117,0,117
250214198001,1378,1077,14,0,218,0,35,34,0,34
250214198002,1145,913,75,0,138,0,19,0,0,0
250214198003,1864,1764,11,0,54,0,0,35,0,35
250214201001,738,420,287,0,0,0,12,19,19,0
250214201002,693,404,262,0,27,0,0,0,0,0
250214201003,852,274,379,0,109,0,60,30,30,0
250214201004,2976,1640,833,0,450,0,0,53,0,53
250214201005,2871,1223,984,0,512,0,113,39,0,39
250214202011,863,303,447,0,23,0,6,84,0,84
250214202012,3023,819,1555,0,438,0,140,71,62,9
250214202021,1221,613,302,0,194,0,112,0,0,0
250214202022,1222,625,336,0,260,0,0,1,0,1
250214202023,3857,1442,1763,0,357,0,152,143,0,143
250214203011,1051,649,308,0,58,0,19,17,0,17
250214203012,1670,222,865,0,583,0,0,0,0,0
250214203013,2561,1507,452,0,207,0,181,214,11,203
250214203014,1895,671,741,0,273,0,34,176,0,176
250214203021,2551,407,1300,0,420,23,375,26,20,6
250214203022,559,416,94,0,0,0,49,0,0,0
250214203023,741,249,389,0,36,0,25,42,42,0
250214203024,2785,1181,1377,0,129,0,33,65,65,0
250214203025,1575,663,542,30,93,0,98,149,0,149
250214211001,1419,1191,118,0,44,0,10,56,4,52
250214211002,563,563,0,0,0,0,0,0,0,0
250214211003,2833,2268,412,0,153,0,0,0,0,0
250214211004,642,624,18,0,0,0,0,0,0,0
250214212001,1212,726,351,0,76,0,0,59,0,59
250214212002,1089,1032,0,0,57,0,0,0,0,0
250214212003,1339,1149,94,0,90,0,5,1,1,0
250214212004,828,634,39,0,155,0,0,0,0,0
250214212005,1104,793,159,0,21,0,131,0,0,0
250214221001,1406,1385,21,0,0,0,0,0,0,0
250214221002,1414,1364,0,0,50,0,0,0,0,0
250214221003,1623,1464,13,8,76,0,35,27,0,27
250214221004,1327,975,124,0,174,0,32,22,0,22
250214222001,551,507,0,0,44,0,0,0,0,0
250214222002,1187,1129,0,0,29,0,3,26,0,26
250214222003,1255,1158,97,0,0,0,0,0,0,0
250214222004,1051,1018,15,0,0,0,0,18,0,18
250214222005,2204,1337,55,0,746,0,52,14,0,14
250214222006,1217,1196,21,0,0,0,0,0,0,0
250214223011,1436,1275,89,0,0,0,0,72,0,72
250214223012,1763,1660,21,16,8,0,9,49,0,49
250214223021,1419,1398,0,0,21,0,0,0,0,0
250214223022,1110,897,33,0,76,0,0,104,0,104
250214223023,2316,1106,806,0,289,0,87,28,0,28
250214223024,1422,1240,0,28,44,0,35,75,18,57
250214223025,637,624,13,0,0,0,0,0,0,0
250214224001,709,709,0,0,0,0,0,0,0,0
250214224002,1421,1272,12,0,40,0,0,97,0,97
250214224003,1654,1308,101,0,180,0,32,33,0,33
250214224004,737,630,43,0,38,0,26,0,0,0
250214224005,3115,2422,487,17,135,0,26,28,15,13
250214225011,1524,1393,20,0,0,0,4,107,0,107
250214225012,2272,1732,393,0,72,0,61,14,0,14
250214225013,617,574,0,0,27,0,16,0,0,0
250214225014,709,709,0,0,0,0,0,0,0,0
250214225021,851,723,91,0,0,0,1,36,0,36
250214225022,1046,719,0,0,100,0,67,160,31,129
250214225023,2091,1732,54,0,176,0,63,66,47,19
250214225024,1018,981,0,0,0,0,0,37,0,37
250214226001,1209,1131,1,0,77,0,0,0,0,0
250214226002,1370,1135,219,0,7,0,0,9,0,9
250214226003,956,956,0,0,0,0,0,0,0,0
250214226004,1432,1377,0,0,55,0,0,0,0,0
250214226005,724,519,0,0,205,0,0,0,0,0
250214226006,895,835,60,0,0,0,0,0,0,0
250214226007,655,655,0,0,0,0,0,0,0,0
250214227001,1274,1165,18,0,75,0,0,16,0,16
250214227002,1064,991,0,0,43,0,30,0,0,0
250214227003,725,623,0,0,86,0,0,16,0,16
250214227004,558,518,0,0,40,0,0,0,0,0
250214228001,1421,1374,18,0,7,0,15,7,0,7
250214228002,1067,1019,0,0,30,0,10,8,0,8
250214228003,783,646,0,0,137,0,0,0,0,0
250214228004,655,501,0,0,142,0,0,12,0,12
250214231001,964,951,13,0,0,0,0,0,0,0
250214231002,1513,1501,0,0,0,0,12,0,0,0
250214231003,712,712,0,0,0,0,0,0,0,0
250214231004,2097,2015,0,0,44,0,0,38,0,38
250214231005,1655,1628,11,0,16,0,0,0,0,0
250214231006,1452,1441,0,11,0,0,0,0,0,0
250214401001,1355,1267,0,0,61,0,0,27,0,27
250214401002,2453,2367,0,0,49,0,0,37,13,24
250214401003,1604,1604,0,0,0,0,0,0,0,0
250214401004,1733,1578,15,0,54,0,0,86,34,52
250214401005,1855,1779,46,0,14,0,0,16,0,16
250214412021,2999,2926,5,0,57,0,6,5,5,0
250214412031,2544,2495,41,0,8,0,0,0,0,0
250214412032,1430,1422,8,0,0,0,0,0,0,0
250214412041,1970,1934,0,0,13,0,0,23,9,14
250214412042,2654,2445,180,0,12,0,17,0,0,0
250214421011,1074,911,0,0,120,0,0,43,0,43
250214421012,2279,2090,0,0,168,0,0,21,0,21
250214421013,1689,1347,120,0,105,6,21,90,28,62
250214421014,738,706,0,0,21,0,0,11,0,11
250214421021,1976,1794,0,0,105,0,53,24,0,24
250214421022,1517,1337,0,0,81,0,0,99,0,99
250214421023,2134,2050,0,0,84,0,0,0,0,0
250214421024,1392,1236,0,0,156,0,0,0,0,0
250214421031,3262,2680,123,0,283,0,0,176,0,176
250214421032,2705,2598,0,0,72,0,0,35,0,35
250214421033,1337,1133,12,0,192,0,0,0,0,0
250214422011,1560,1434,0,0,126,0,0,0,0,0
250214422012,2646,2477,16,0,48,0,0,105,0,105
250214422021,3192,3043,18,0,26,0,3,102,14,88
250214422022,1657,1475,15,0,34,0,101,32,0,32
250214422023,1846,1570,0,0,212,0,15,49,0,49
250214422024,1839,1839,0,0,0,0,0,0,0,0
250214431011,2110,1992,48,0,15,0,0,55,32,23
250214431012,2060,1726,53,0,163,0,118,0,0,0
250214431013,2046,2016,0,0,15,0,0,15,0,15
250214431014,1731,1592,47,0,82,0,10,0,0,0
250214431021,2514,2488,9,0,17,0,0,0,0,0
250214431022,3172,2712,20,0,221,0,76,143,0,143
250214431023,1381,1276,91,0,0,0,0,14,0,14
250214431024,1277,1276,1,0,0,0,0,0,0,0
250214431025,638,638,0,0,0,0,0,0,0,0
250214561011,2239,1702,204,0,212,0,22,99,0,99
250214561012,1970,1360,575,0,21,0,9,5,0,5
250214561021,1669,1361,194,0,23,0,10,81,21,60
250214561022,2178,1322,381,86,29,0,159,201,201,0
250214561023,1135,972,132,0,16,0,0,15,0,15
250214562001,1896,1141,541,0,80,0,76,58,0,58
250214562002,1967,1427,144,0,245,0,67,84,34,50
250214563011,1054,824,80,0,84,0,48,18,0,18
250214563012,868,608,183,0,12,0,57,8,0,8
250214563021,1742,1513,49,0,80,0,0,100,0,100
250214563022,1769,1072,496,84,0,0,64,53,0,53
250214563023,860,784,17,0,59,0,0,0,0,0
250214563024,818,636,101,18,63,0,0,0,0,0
250214564011,1217,895,224,0,35,0,54,9,0,9
250214564012,1482,1276,100,0,13,0,44,49,0,49
250214564021,886,698,188,0,0,0,0,0,0,0
250214564022,1089,918,136,0,28,0,0,7,0,7
250214564023,2515,2097,129,0,141,0,148,0,0,0
250214564024,984,719,171,0,0,0,32,62,0,62
250214571001,1138,842,39,0,257,0,0,0,0,0
250214571002,1301,957,191,0,25,0,38,90,0,90
250214571003,897,702,126,0,69,0,0,0,0,0
250214571004,1132,816,199,0,39,0,78,0,0,0
250214572001,1293,1129,31,0,103,0,0,30,0,30
250214572002,977,977,0,0,0,0,0,0,0,0
250214572003,1554,1212,40,0,206,0,6,90,0,90
250214572004,1342,1138,0,0,133,0,0,71,0,71
250214572005,747,706,0,0,20,0,0,21,0,21
