Id2,Total,"Car, truck, or van",Public transportation (excluding taxicab),Taxicab,Motorcycle,Bicycle,Walked,Other means,Worked at home
250250001001,978,767,175,0,0,14,14,0,8
250250001002,689,311,242,4,0,78,54,0,0
250250001003,369,138,84,0,0,60,87,0,0
250250001004,702,477,136,7,0,28,37,0,17
250250002011,712,478,203,0,0,19,7,0,5
250250002012,520,425,65,0,0,4,20,0,6
250250002013,880,504,218,0,0,107,24,0,27
250250002014,451,286,138,0,0,0,19,0,8
250250002021,803,449,247,0,0,34,25,10,38
250250002022,783,555,187,0,0,0,32,0,9
250250002023,459,359,77,0,0,0,0,0,23
250250002024,194,125,58,0,0,0,11,0,0
250250003011,424,265,139,0,0,0,10,0,10
250250003012,634,391,206,0,0,0,8,0,29
250250003013,401,222,168,0,0,0,0,0,11
250250003014,338,260,53,0,0,8,6,0,11
250250003021,1014,744,193,0,0,13,36,0,28
250250003022,898,606,146,0,0,0,30,53,63
250250004011,953,293,467,0,0,29,27,0,137
250250004012,658,323,241,0,0,78,7,9,0
250250004013,686,378,186,0,0,19,71,0,32
250250004014,625,315,168,21,0,45,17,0,59
250250004021,631,327,225,8,0,19,52,0,0
250250004022,531,293,91,0,0,0,46,12,89
250250004023,876,462,282,0,0,18,82,0,32
250250005021,596,255,256,0,0,17,37,0,31
250250005022,554,211,171,0,0,18,114,0,40
250250005023,803,292,330,0,0,33,131,17,0
250250005024,1264,63,189,10,0,0,892,0,110
250250005031,556,226,248,7,0,9,38,15,13
250250005032,857,363,389,0,0,16,79,0,10
250250005041,589,250,223,0,0,42,74,0,0
250250005042,604,119,289,0,16,37,78,0,65
250250005043,945,345,489,0,0,18,45,0,48
250250005044,313,182,77,0,0,26,18,10,0
250250006011,371,165,109,0,0,28,23,0,46
250250006012,855,466,290,0,0,30,53,10,6
250250006013,404,275,88,0,0,17,5,0,19
250250006014,810,491,197,5,0,7,28,12,70
250250006021,940,391,393,0,23,72,51,10,0
250250006022,632,177,282,0,0,30,40,0,103
250250006023,790,204,384,0,0,23,140,0,39
250250007011,559,200,164,0,97,26,44,0,28
250250007012,259,28,130,0,0,8,22,10,61
250250007013,378,213,130,0,0,25,0,0,10
250250007014,482,335,124,0,0,0,16,0,7
250250007015,1324,317,780,0,0,94,46,10,77
250250007031,524,141,227,0,0,5,142,0,9
250250007032,575,153,233,0,0,62,97,0,30
250250007041,1138,261,649,0,58,91,31,26,22
250250007042,488,180,230,0,0,0,44,0,34
250250007043,787,177,321,0,0,59,152,0,78
250250007044,481,50,240,0,0,63,128,0,0
250250008021,638,101,321,0,0,104,87,0,25
250250008022,1042,258,479,0,0,41,185,0,79
250250008023,303,208,30,0,0,26,27,0,12
250250008024,1062,518,292,0,17,181,38,0,16
250250008025,922,321,273,0,0,18,266,0,44
250250008031,535,89,173,12,0,5,179,0,77
250250008032,1428,53,286,0,0,0,1039,13,37
250250101031,429,75,67,6,0,0,274,0,7
250250101032,345,31,70,0,0,5,231,0,8
250250101033,598,41,112,0,0,6,424,0,15
250250101041,696,175,214,12,0,6,195,18,76
250250101042,1392,144,362,0,0,8,759,68,51
250250101043,649,89,329,0,0,7,189,0,35
250250102031,402,50,187,0,0,53,112,0,0
250250102032,924,221,204,18,0,56,371,40,14
250250102033,944,134,273,21,0,70,446,0,0
250250102034,241,23,69,0,0,0,92,33,24
250250102041,535,72,107,4,0,4,321,13,14
250250102042,709,83,238,0,0,12,328,1,47
250250102043,396,124,148,6,0,10,90,0,18
250250103001,516,77,130,0,0,8,276,0,25
250250103002,1941,189,248,5,0,13,1314,23,149
250250104031,322,0,100,0,0,18,204,0,0
250250104032,632,113,132,22,0,48,191,0,126
250250104033,628,139,248,0,0,34,207,0,0
250250104041,971,196,305,0,0,115,306,22,27
250250104042,592,94,133,4,5,6,323,11,16
250250104043,550,51,157,0,0,0,293,32,17
250250104051,1427,172,440,12,0,8,736,13,46
250250104052,1020,99,234,6,0,31,626,6,18
250250104053,249,31,129,0,0,0,84,0,5
250250104081,1031,268,278,10,0,48,402,0,25
250250105001,405,110,79,0,0,9,144,17,46
250250105002,541,144,225,0,0,5,136,9,22
250250105003,680,191,287,8,0,0,189,0,5
250250106001,1227,393,281,16,0,0,506,24,7
250250106002,576,149,235,0,0,0,133,17,42
250250107011,793,186,196,0,0,9,296,17,89
250250107012,527,243,142,9,0,28,84,0,21
250250107013,558,94,194,20,0,25,185,30,10
250250107021,637,154,197,20,0,0,213,19,34
250250107022,585,119,141,15,0,4,259,7,40
250250107023,512,154,101,0,0,14,208,0,35
250250108011,451,128,130,36,0,0,127,0,30
250250108012,765,301,78,0,0,6,352,7,21
250250108013,659,185,140,25,3,19,223,0,64
250250108021,753,214,114,9,0,28,325,3,60
250250108022,1050,322,281,33,0,0,327,32,55
250250108023,355,75,52,0,0,8,198,0,22
250250201011,492,86,157,0,0,0,230,0,19
250250201012,597,204,164,0,0,33,130,0,66
250250201013,931,158,187,0,0,34,525,0,27
250250201014,992,245,218,15,0,10,435,0,69
250250202001,1003,87,388,0,0,0,506,0,22
250250202002,998,86,218,0,0,67,562,0,65
250250202003,930,134,153,13,0,39,538,0,53
250250203011,34,12,0,0,0,0,22,0,0
250250203012,1428,271,330,14,0,14,759,9,31
250250203021,789,170,131,14,0,8,422,13,31
250250203031,705,112,187,0,0,21,357,19,9
250250203032,404,98,95,0,0,20,123,40,28
250250203033,721,290,110,0,0,18,276,0,27
250250301001,1112,274,238,11,0,9,548,32,0
250250301002,634,124,135,0,0,0,320,0,55
250250302001,1281,189,330,0,0,3,729,0,30
250250303001,1270,219,186,0,0,12,636,62,155
250250303002,758,44,191,0,0,49,430,0,44
250250303003,650,74,145,9,0,12,358,0,52
250250303004,580,138,111,0,0,0,290,0,41
250250304001,1081,250,365,10,0,32,418,0,6
250250304002,1000,140,283,0,0,36,510,0,31
250250305001,387,131,10,0,0,0,190,0,56
250250305002,817,171,178,0,0,0,437,19,12
250250305003,718,180,111,10,0,32,361,9,15
250250401001,647,301,71,0,0,25,156,0,94
250250401002,1056,649,89,0,0,44,225,0,49
250250402001,268,80,136,0,0,0,15,0,37
250250402002,552,340,101,0,0,0,101,0,10
250250403001,262,86,176,0,0,0,0,0,0
250250403002,934,404,251,0,10,39,173,10,47
250250403003,424,228,137,0,0,0,29,0,30
250250403004,553,304,107,0,0,59,53,0,30
250250403005,464,221,137,0,0,28,53,0,25
250250404011,1079,452,397,65,0,6,141,8,10
250250404012,427,222,131,0,0,0,45,0,29
250250406001,890,496,325,0,0,15,37,0,17
250250406002,1409,833,299,0,0,23,185,8,61
250250408011,325,132,129,0,0,0,64,0,0
250250408012,339,97,139,0,0,44,26,33,0
250250408013,1585,777,408,13,0,44,209,27,107
250250501011,883,417,435,0,0,0,31,0,0
250250501012,550,337,187,0,0,0,26,0,0
250250501013,1050,358,565,0,0,0,67,0,60
250250502001,1216,455,578,0,0,0,129,0,54
250250502002,682,223,365,0,0,0,66,28,0
250250502003,611,159,342,21,0,0,63,12,14
250250502004,873,166,707,0,0,0,0,0,0
250250503001,399,128,202,0,0,0,43,6,20
250250503002,337,123,201,0,0,0,11,0,2
250250504001,423,113,305,0,0,0,0,0,5
250250504002,1306,345,835,0,0,0,96,0,30
250250505001,1480,394,942,0,0,27,94,0,23
250250506001,780,216,490,0,0,0,57,17,0
250250506002,836,268,519,0,0,0,49,0,0
250250507001,1494,261,1130,0,0,0,84,0,19
250250507002,872,100,669,0,0,0,26,22,55
250250507003,765,123,556,0,0,0,35,8,43
250250509011,980,279,642,0,0,0,39,0,20
250250509012,1048,357,603,0,0,0,62,0,26
250250509013,542,195,313,0,0,0,22,0,12
250250510001,1190,689,454,0,0,0,47,0,0
250250510002,472,206,222,26,0,0,18,0,0
250250510003,622,272,309,0,0,0,0,0,41
250250511011,1447,660,597,67,0,0,123,0,0
250250511012,891,551,319,21,0,0,0,0,0
250250511013,1049,269,767,13,0,0,0,0,0
250250511014,601,256,345,0,0,0,0,0,0
250250512001,148,36,102,0,0,0,0,0,10
250250512002,932,271,586,35,0,0,39,0,1
250250512003,577,301,218,0,0,0,20,0,38
250250601011,769,546,179,0,0,0,9,26,9
250250601012,467,276,154,0,0,0,16,0,21
250250601013,715,342,247,0,0,20,52,0,54
250250601014,587,259,199,19,0,28,71,0,11
250250602001,688,292,348,0,0,35,13,0,0
250250602002,946,529,327,0,0,0,79,5,6
250250603011,882,397,421,29,0,8,27,0,0
250250603012,495,181,284,0,11,0,19,0,0
250250603013,1115,396,444,0,59,65,132,0,19
250250604001,1087,559,361,0,0,0,167,0,0
250250604002,903,527,341,0,0,18,17,0,0
250250604003,785,346,332,0,0,0,66,0,41
250250604004,696,340,179,0,0,0,52,27,98
250250604005,362,187,109,0,0,0,66,0,0
250250605011,682,268,319,0,0,9,65,21,0
250250605012,933,525,359,5,0,0,22,17,5
250250605013,569,241,202,9,0,9,72,9,27
250250605014,636,253,273,0,0,7,21,38,44
250250605015,419,210,95,37,0,13,0,16,48
250250606001,2518,944,633,41,10,65,709,43,73
250250607001,309,134,116,2,0,6,27,11,13
250250607002,419,123,227,0,0,13,44,0,12
250250608001,512,251,148,0,0,12,36,0,65
250250608002,665,290,281,10,0,19,65,0,0
250250608003,758,367,286,29,0,0,30,46,0
250250608004,1392,703,458,16,0,0,202,0,13
250250610001,939,358,426,36,0,0,102,9,8
250250610002,294,154,81,0,0,0,59,0,0
250250610003,202,95,103,0,0,0,4,0,0
250250611011,212,122,82,0,0,0,8,0,0
250250611012,462,185,173,0,0,0,91,13,0
250250612001,2111,957,600,0,8,63,389,0,94
250250612002,393,45,189,29,17,0,73,29,11
250250612003,829,261,505,0,0,25,38,0,0
250250701011,805,227,114,0,0,15,387,21,41
250250701012,198,47,76,0,0,0,75,0,0
250250701013,428,70,182,0,0,0,148,28,0
250250701014,796,208,173,0,0,0,303,0,112
250250701015,162,90,52,0,0,0,20,0,0
250250701016,365,0,39,0,0,0,311,0,15
250250701017,519,17,167,0,0,0,207,97,31
250250701018,268,76,65,7,0,0,120,0,0
250250702001,473,151,23,0,0,4,271,16,8
250250702002,462,167,42,0,0,4,193,0,56
250250702003,1336,168,206,0,0,37,855,23,47
250250703001,630,290,53,34,0,12,226,0,15
250250703002,685,126,94,0,0,0,465,0,0
250250703003,771,141,337,0,0,59,182,18,34
250250703004,1018,344,185,43,0,0,348,60,38
250250704021,884,363,197,10,0,24,280,10,0
250250705001,1420,517,234,20,0,156,493,0,0
250250705002,128,38,30,0,0,14,46,0,0
250250705003,1160,252,378,52,36,0,417,0,25
250250705004,856,341,353,0,0,17,99,0,46
250250706001,644,255,85,0,0,8,222,0,74
250250706002,950,289,253,48,0,25,283,9,43
250250707001,751,152,320,0,0,8,249,14,8
250250707002,913,292,214,0,0,30,275,53,49
250250708001,1022,146,471,0,52,14,221,118,0
250250708002,683,170,222,0,0,24,248,0,19
250250708003,765,139,269,0,0,0,255,0,102
250250709001,1336,428,422,0,0,194,236,0,56
250250709002,517,111,179,0,0,40,163,0,24
250250711011,918,271,188,0,0,141,218,0,100
250250711012,988,229,331,0,0,77,312,0,39
250250711013,237,41,119,0,0,0,39,0,38
250250712011,1079,401,189,0,0,44,421,0,24
250250712012,504,225,50,0,0,20,164,0,45
250250801001,590,243,159,0,0,14,174,0,0
250250801002,220,119,92,0,0,0,9,0,0
250250803001,1126,423,451,0,0,24,195,0,33
250250804011,641,265,250,0,0,37,89,0,0
250250804012,503,187,234,0,0,23,59,0,0
250250805001,438,168,234,0,0,0,36,0,0
250250805002,851,395,335,0,0,0,109,0,12
250250806011,1075,215,376,0,0,13,445,0,26
250250806012,198,35,131,0,0,0,29,0,3
250250806013,137,92,33,7,0,0,5,0,0
250250808011,920,117,258,22,0,0,518,0,5
250250808012,889,230,281,7,0,0,323,0,48
250250809001,645,141,167,0,0,9,328,0,0
250250809002,900,222,328,0,0,89,174,0,87
250250809003,524,141,144,0,0,19,216,0,4
250250810011,294,70,119,0,0,0,104,1,0
250250810012,905,363,373,0,0,31,138,0,0
250250810013,530,230,108,0,0,0,192,0,0
250250810014,474,54,359,0,0,0,61,0,0
250250811001,642,224,203,0,0,55,108,0,52
250250811002,800,238,297,0,0,39,183,0,43
250250811003,570,217,248,0,0,12,46,0,47
250250812001,639,203,327,12,0,0,87,0,10
250250812002,830,328,276,0,0,94,113,0,19
250250813001,493,176,256,0,0,0,61,0,0
250250813002,950,287,622,0,0,0,18,6,17
250250813003,834,398,373,0,0,21,25,0,17
250250814001,438,152,172,0,0,16,83,0,15
250250814002,417,184,121,0,0,0,104,8,0
250250814003,825,316,310,19,0,15,133,0,32
250250815001,462,147,237,0,0,6,65,0,7
250250815002,639,384,202,0,0,0,41,12,0
250250817001,179,100,53,0,0,0,16,0,10
250250817002,296,217,79,0,0,0,0,0,0
250250817003,270,177,66,0,0,0,0,0,27
250250817004,334,74,187,0,0,0,64,9,0
250250817005,404,195,174,0,0,0,35,0,0
250250818001,351,165,156,5,0,0,25,0,0
250250818002,650,334,261,0,0,23,15,0,17
250250818003,339,136,123,0,0,0,80,0,0
250250819001,633,217,306,0,0,29,64,0,17
250250819002,265,144,99,0,0,0,22,0,0
250250819003,289,101,161,0,0,0,3,24,0
250250819004,419,89,292,0,0,0,38,0,0
250250820001,572,380,168,0,0,0,24,0,0
250250820002,233,168,65,0,0,0,0,0,0
250250820003,370,263,107,0,0,0,0,0,0
250250821001,232,47,162,0,0,0,23,0,0
250250821002,714,283,380,0,0,0,51,0,0
250250821003,1187,681,377,0,0,0,64,48,17
250250901001,523,267,246,0,0,0,0,0,10
250250901002,340,180,118,0,0,0,26,0,16
250250901003,316,89,206,0,0,0,21,0,0
250250901004,484,282,182,0,0,0,20,0,0
250250901005,267,177,90,0,0,0,0,0,0
250250902001,283,126,139,0,0,0,18,0,0
250250902002,288,119,162,0,0,0,7,0,0
250250902003,337,137,146,0,0,25,11,18,0
250250903001,410,178,226,0,0,0,6,0,0
250250903002,642,253,347,0,0,0,12,0,30
250250903003,250,173,60,0,0,0,17,0,0
250250904001,167,98,50,0,0,0,19,0,0
250250904002,1074,443,484,0,0,62,48,37,0
250250904003,357,241,82,0,0,0,34,0,0
250250904004,497,333,85,21,0,0,58,0,0
250250906001,553,309,170,0,0,7,67,0,0
250250906002,664,271,341,0,0,0,11,20,21
250250907001,686,188,312,0,0,0,186,0,0
250250907002,748,383,304,0,0,0,24,0,37
250250907003,707,373,308,0,0,0,0,0,26
250250907004,387,170,162,0,0,29,26,0,0
250250909011,787,330,227,8,0,0,167,41,14
250250909012,882,389,351,0,0,6,96,24,16
250250910011,477,358,95,0,0,0,16,0,8
250250910012,517,367,105,0,0,0,33,0,12
250250910013,392,223,131,0,0,0,38,0,0
250250910014,579,251,294,0,0,0,12,8,14
250250911001,1040,623,368,0,0,0,30,19,0
250250911002,604,364,223,0,0,0,17,0,0
250250911003,469,261,159,0,0,36,0,4,9
250250911004,472,280,102,0,0,10,57,0,23
250250911005,363,261,47,0,0,0,55,0,0
250250912001,691,486,139,0,0,0,13,22,31
250250912002,544,246,228,27,0,11,14,0,18
250250912003,332,217,97,0,0,9,0,0,9
250250913001,582,351,189,0,0,0,30,8,4
250250913002,653,290,310,0,0,0,53,0,0
250250914001,904,433,420,0,0,0,29,22,0
250250914002,499,287,155,0,0,0,31,6,20
250250915001,1108,672,390,0,18,0,28,0,0
250250915002,943,461,392,0,0,24,66,0,0
250250915003,558,228,291,0,0,20,19,0,0
250250916001,935,558,352,0,0,14,11,0,0
250250916002,565,296,226,0,0,0,43,0,0
250250916003,131,36,75,0,0,9,11,0,0
250250917001,649,287,333,0,0,4,17,3,5
250250917002,547,276,238,0,0,0,20,13,0
250250917003,285,102,168,0,0,0,10,0,5
250250918001,448,286,133,0,0,0,14,0,15
250250918002,727,349,310,42,0,0,0,26,0
250250918003,329,173,126,0,0,0,30,0,0
250250919001,539,313,149,24,0,0,40,0,13
250250919002,360,217,143,0,0,0,0,0,0
250250919003,681,388,205,0,0,0,0,0,88
250250919004,294,186,99,0,0,0,9,0,0
250250920001,775,364,374,0,0,37,0,0,0
250250920002,724,446,240,0,0,0,17,5,16
250250920003,326,133,148,0,0,0,45,0,0
250250920004,570,337,210,0,0,0,23,0,0
250250921011,398,255,143,0,0,0,0,0,0
250250921012,513,209,169,0,0,28,32,75,0
250250921013,624,466,158,0,0,0,0,0,0
250250921014,619,284,121,0,0,0,214,0,0
250250921015,1621,894,620,0,0,33,74,0,0
250250922001,601,319,242,0,0,14,7,0,19
250250922002,437,265,143,0,0,0,21,0,8
250250922003,460,236,208,0,0,0,8,0,8
250250922004,201,79,77,0,0,0,8,0,37
250250923001,377,235,112,0,0,0,17,0,13
250250923002,290,151,119,0,0,0,20,0,0
250250923003,617,314,277,0,0,0,18,8,0
250250923004,280,156,57,0,0,0,12,32,23
250250924001,258,52,189,0,0,17,0,0,0
250250924002,406,179,60,0,0,0,56,94,17
250250924003,827,432,373,0,0,0,0,22,0
250250924004,421,208,213,0,0,0,0,0,0
250250924005,200,90,110,0,0,0,0,0,0
250251001001,173,104,47,0,0,0,0,0,22
250251001002,791,555,221,0,0,0,15,0,0
250251001003,619,340,244,0,0,0,0,0,35
250251001004,345,218,106,0,0,0,21,0,0
250251001005,172,117,55,0,0,0,0,0,0
250251001006,454,233,182,0,0,0,29,0,10
250251001007,240,137,79,0,0,0,0,8,16
250251002001,532,326,139,0,0,33,4,7,23
250251002002,237,113,109,0,0,0,0,0,15
250251002003,519,300,160,0,0,0,24,26,9
250251003001,787,492,253,0,0,0,6,36,0
250251003002,471,310,125,0,0,0,28,8,0
250251003003,284,217,67,0,0,0,0,0,0
250251003004,425,220,205,0,0,0,0,0,0
250251004001,742,320,376,46,0,0,0,0,0
250251004002,680,332,348,0,0,0,0,0,0
250251004003,478,159,319,0,0,0,0,0,0
250251004004,922,221,463,41,0,0,108,39,50
250251005001,534,183,335,0,0,0,4,12,0
250251005002,798,279,423,0,0,0,40,0,56
250251005003,500,314,169,0,0,0,0,0,17
250251005004,917,444,405,0,0,0,57,11,0
250251005005,684,427,242,0,0,0,15,0,0
250251006011,522,309,163,0,0,0,23,12,15
250251006012,585,211,310,0,0,0,0,64,0
250251006013,1080,469,450,0,0,0,161,0,0
250251006014,1183,543,586,13,0,41,0,0,0
250251006031,932,726,124,0,5,26,36,0,15
250251006032,476,402,9,0,0,0,48,11,6
250251007001,500,325,87,0,0,26,23,0,39
250251007002,418,352,35,0,0,0,31,0,0
250251007003,413,341,71,0,0,0,0,0,1
250251007004,560,375,135,0,0,0,28,14,8
250251007005,485,347,110,0,0,0,0,0,28
250251008001,433,339,81,0,0,0,0,0,13
250251008002,362,247,90,0,13,0,0,0,12
250251008003,535,307,183,0,0,0,0,45,0
250251008004,1050,689,350,0,0,0,11,0,0
250251008005,461,390,13,0,0,0,0,0,58
250251008006,874,460,194,0,0,0,171,0,49
250251009001,321,263,58,0,0,0,0,0,0
250251009002,446,200,190,0,0,0,35,0,21
250251009003,560,416,116,0,0,0,10,9,9
250251009004,353,226,93,0,0,0,34,0,0
250251009005,552,404,148,0,0,0,0,0,0
250251010011,241,241,0,0,0,0,0,0,0
250251010012,374,258,116,0,0,0,0,0,0
250251010013,261,82,158,0,0,0,0,21,0
250251010014,744,272,326,22,0,0,0,0,124
250251010015,391,229,147,0,0,0,15,0,0
250251010016,1094,823,271,0,0,0,0,0,0
250251010021,329,235,79,0,0,0,15,0,0
250251010022,1115,650,391,0,0,0,46,14,14
250251010023,1339,684,542,0,0,0,100,0,13
250251011011,420,179,241,0,0,0,0,0,0
250251011012,584,320,256,0,0,0,0,0,8
250251011013,745,483,233,29,0,0,0,0,0
250251011021,409,266,111,0,0,14,10,8,0
250251011022,745,525,187,0,0,0,4,0,29
250251011023,434,340,81,0,0,0,0,0,13
250251011024,626,249,348,0,0,0,0,0,29
250251101031,511,299,133,0,0,50,0,0,29
250251101032,291,143,88,0,0,10,0,0,50
250251101033,110,22,88,0,0,0,0,0,0
250251101034,360,124,210,0,0,26,0,0,0
250251101035,1274,536,612,0,0,0,23,0,103
250251101036,371,84,190,0,0,47,33,0,17
250251101037,612,339,273,0,0,0,0,0,0
250251102011,1217,858,299,0,0,6,31,0,23
250251103011,704,499,132,0,0,6,0,58,9
250251103012,840,582,206,0,0,0,23,0,29
250251104011,759,350,368,0,0,0,12,0,29
250251104012,1274,814,388,7,0,0,28,0,37
250251104031,600,348,223,0,0,10,0,0,19
250251104032,593,307,233,0,0,8,0,0,45
250251104033,245,178,29,0,0,38,0,0,0
250251104034,637,510,90,0,10,11,0,0,16
250251104035,505,397,93,0,0,0,0,0,15
250251105011,528,364,113,0,13,38,0,0,0
250251105012,850,582,208,0,0,32,0,10,18
250251105013,621,412,160,0,0,12,0,0,37
250251105021,1122,727,265,39,0,18,52,0,21
250251105022,1404,1066,217,0,0,26,48,0,47
250251105023,329,188,98,0,0,10,18,0,15
250251106011,761,509,205,0,0,13,2,0,32
250251106012,561,438,71,0,0,0,0,0,52
250251106071,608,449,104,0,0,55,0,0,0
250251106072,859,569,248,0,0,0,0,29,13
250251106073,1164,550,509,0,0,14,23,0,68
250251106074,437,226,134,0,0,59,0,0,18
250251201031,1025,557,212,0,0,92,66,17,81
250251201041,390,141,173,0,0,29,11,0,36
250251201042,406,199,115,0,0,83,1,0,8
250251201043,631,279,192,0,0,23,93,32,12
250251201051,508,227,100,0,0,8,128,0,45
250251201052,525,388,61,5,0,28,11,0,32
250251201053,287,173,18,0,0,0,36,15,45
250251202011,817,370,310,0,0,74,44,0,19
250251202012,1216,498,614,13,0,69,22,0,0
250251202013,267,134,115,0,0,0,0,7,11
250251203011,886,409,268,0,0,122,44,22,21
250251203012,686,291,304,0,0,65,26,0,0
250251203013,729,257,369,0,0,52,22,11,18
250251203014,815,343,351,0,0,25,21,0,75
250251204001,564,367,180,0,0,0,0,0,17
250251204002,523,115,322,0,0,86,0,0,0
250251204003,1028,242,633,0,13,14,17,0,109
250251204004,1054,534,417,0,0,40,14,0,49
250251204005,825,268,428,0,0,0,48,0,81
250251205001,481,151,286,0,0,33,0,0,11
250251205002,628,190,319,6,0,53,42,5,13
250251205003,505,168,264,0,0,41,19,4,9
250251206001,611,265,231,0,0,49,25,9,32
250251206002,524,181,263,0,0,44,8,0,28
250251206003,626,77,446,0,0,17,69,0,17
250251207001,532,181,282,19,0,29,18,0,3
250251207002,783,330,267,8,0,104,28,8,38
250251301001,446,283,87,0,0,0,0,39,37
250251301002,1090,842,190,0,0,0,0,0,58
250251301003,463,291,118,22,0,0,14,0,18
250251301004,312,245,67,0,0,0,0,0,0
250251301005,545,346,157,0,0,0,0,0,42
250251301006,102,65,14,0,0,0,0,0,23
250251301007,558,545,0,0,0,0,13,0,0
250251302001,498,391,58,0,0,0,49,0,0
250251302002,611,506,93,0,0,0,0,0,12
250251302003,799,590,98,0,0,0,26,0,85
250251302004,506,408,88,0,0,0,0,0,10
250251302005,549,372,73,0,0,0,29,0,75
250251303001,502,359,92,0,0,0,9,12,30
250251303002,491,302,98,0,0,0,18,0,73
250251303003,358,284,52,0,0,0,0,0,22
250251303004,797,723,55,0,0,0,0,0,19
250251303005,435,301,101,0,0,0,21,0,12
250251304021,670,485,91,0,0,0,19,0,75
250251304022,546,318,191,0,0,0,0,28,9
250251304023,551,434,83,0,0,19,0,15,0
250251304024,657,567,90,0,0,0,0,0,0
250251304025,500,495,5,0,0,0,0,0,0
250251304041,973,668,254,0,0,0,32,9,10
250251304042,354,309,37,0,0,8,0,0,0
250251304043,268,221,35,0,0,0,0,0,12
250251304061,1301,916,363,0,0,0,0,0,22
250251304062,1195,969,183,0,0,0,0,16,27
250251304063,337,266,71,0,0,0,0,0,0
250251401021,781,594,187,0,0,0,0,0,0
250251401022,682,529,108,0,0,0,10,27,8
250251401023,412,318,79,0,0,0,0,3,12
250251401024,792,660,115,0,0,0,0,0,17
250251401051,1654,1301,290,13,0,0,12,11,27
250251401052,689,338,295,0,0,0,1,32,23
250251401061,739,505,208,0,0,0,0,23,3
250251401062,294,157,78,0,0,0,0,6,53
250251401071,1115,791,265,0,0,7,33,5,14
250251401072,428,344,42,0,0,5,1,0,36
250251402011,596,439,151,0,0,0,6,0,0
250251402012,833,669,161,0,0,0,3,0,0
250251402021,620,478,142,0,0,0,0,0,0
250251402022,676,421,188,0,0,0,67,0,0
250251402023,583,469,81,0,0,0,22,0,11
250251402024,1018,679,191,0,0,0,58,0,90
250251402025,493,379,114,0,0,0,0,0,0
250251403001,591,414,160,0,0,0,17,0,0
250251403002,574,410,138,0,0,0,26,0,0
250251403003,924,680,107,0,0,0,71,33,33
250251403004,268,217,33,0,0,0,0,0,18
250251403005,592,439,108,0,0,0,0,18,27
250251403006,344,221,75,0,0,0,11,1,36
250251404001,208,100,108,0,0,0,0,0,0
250251404002,553,435,80,0,0,0,22,0,16
250251404003,724,549,113,0,0,0,0,0,62
250251404004,315,201,81,0,0,0,0,0,33
250251404005,860,672,188,0,0,0,0,0,0
250251404006,956,480,412,0,0,17,32,0,15
250251404007,507,238,269,0,0,0,0,0,0
250251601011,1091,575,313,49,0,0,154,0,0
250251601012,923,659,199,0,0,0,65,0,0
250251601013,811,519,190,33,0,36,33,0,0
250251601014,1172,483,537,68,0,0,32,0,52
250251601015,400,279,92,0,0,0,29,0,0
250251602001,947,415,376,31,0,22,103,0,0
250251602002,312,156,88,0,0,0,43,0,25
250251602003,922,361,402,0,0,0,136,9,14
250251603001,910,591,219,0,0,8,45,0,47
250251603002,349,151,188,0,0,0,0,0,10
250251604001,850,497,192,0,0,0,151,10,0
250251604002,847,348,337,0,0,0,140,12,10
250251605011,1091,649,230,0,0,0,111,43,58
250251605012,497,355,67,0,0,0,22,21,32
250251605013,183,66,65,0,0,0,52,0,0
250251605014,434,244,105,21,0,0,64,0,0
250251605015,494,199,200,0,0,38,49,0,8
250251605021,1066,732,209,0,0,0,62,9,54
250251605022,933,755,170,0,0,0,8,0,0
250251605023,372,150,126,0,0,9,87,0,0
250251606011,1179,829,290,0,0,0,39,0,21
250251606012,1113,645,423,0,0,0,45,0,0
250251606021,984,735,129,0,8,0,52,56,4
250251606022,334,254,50,0,0,11,14,5,0
250251606023,362,226,136,0,0,0,0,0,0
250251606024,410,189,178,25,0,0,18,0,0
250251606025,593,430,142,0,0,0,7,0,14
250251701001,558,372,141,0,0,0,26,19,0
250251701002,873,675,147,0,0,0,51,0,0
250251701003,416,351,59,0,0,0,6,0,0
250251701004,345,275,59,0,0,0,0,0,11
250251701005,597,420,80,0,0,28,69,0,0
250251701006,379,309,55,0,0,0,15,0,0
250251701007,597,467,90,0,0,0,0,0,40
250251702001,325,227,40,0,0,0,58,0,0
250251702002,889,632,198,0,0,0,59,0,0
250251702003,259,235,24,0,0,0,0,0,0
250251702004,663,546,112,0,0,0,0,0,5
250251703001,1162,752,337,0,0,0,0,15,58
250251703002,346,266,80,0,0,0,0,0,0
250251703003,321,291,11,19,0,0,0,0,0
250251703004,1280,1041,61,16,0,0,97,0,65
250251703005,662,488,140,0,0,0,0,0,34
250251703006,681,578,103,0,0,0,0,0,0
250251703007,420,361,45,0,0,0,14,0,0
250251704001,571,336,147,0,0,0,33,38,17
250251704002,815,362,387,0,0,0,66,0,0
250251704003,648,362,226,0,0,0,57,1,2
250251704004,1499,1099,352,0,0,0,48,0,0
250251705011,1111,591,420,0,0,0,25,22,53
250251705012,594,391,149,0,0,45,0,0,9
250251705021,566,428,110,0,0,0,0,0,28
250251705022,699,456,225,0,0,0,18,0,0
250251706011,809,533,214,0,0,13,26,0,23
250251706012,998,747,187,0,0,0,43,0,21
250251706013,581,442,123,0,0,0,16,0,0
250251706014,751,484,229,0,0,0,25,0,13
250251707011,361,187,149,0,0,0,20,5,0
250251707012,692,221,391,34,0,0,15,12,19
250251707021,520,249,271,0,0,0,0,0,0
250251707022,460,301,159,0,0,0,0,0,0
250251707023,1166,779,346,0,0,0,41,0,0
250251707024,797,400,397,0,0,0,0,0,0
250251707025,646,101,522,0,0,0,23,0,0
250251708001,1028,458,520,50,0,0,0,0,0
250251708002,550,338,194,0,0,0,0,0,18
250251708003,450,297,119,0,0,0,1,0,33
250251708004,996,727,236,5,0,0,0,0,28
250251801011,768,419,282,0,0,0,27,18,22
250251801012,663,530,93,0,0,0,0,18,22
250251801013,1198,962,186,0,0,0,50,0,0
250251802001,682,468,76,0,0,0,118,20,0
250251802002,402,252,112,0,0,0,10,0,28
250251802003,380,303,53,0,0,0,18,0,6
250251802004,621,317,271,0,0,0,0,0,33
250251803011,307,156,113,0,0,0,0,9,29
250251803012,471,284,174,0,0,0,0,0,13
250251803013,321,228,29,0,0,0,8,0,56
250251803014,472,321,70,0,0,0,0,81,0
250251804001,516,395,81,0,0,0,6,0,34
250251804002,664,496,125,0,0,0,31,8,4
250251805001,825,658,101,9,0,0,38,0,19
250251805002,317,235,65,0,0,0,0,0,17
250251805003,627,496,98,0,0,0,8,7,18
250251805004,666,516,134,0,0,0,0,0,16
250259801011,49,22,8,0,0,0,18,0,1
250259803001,79,23,23,0,0,0,15,0,18
250259807001,0,0,0,0,0,0,0,0,0
250259810001,0,0,0,0,0,0,0,0,0
250259811001,0,0,0,0,0,0,0,0,0
250259811002,0,0,0,0,0,0,0,0,0
250259811003,0,0,0,0,0,0,0,0,0
250259811004,109,55,43,0,0,0,0,0,11
250259812011,0,0,0,0,0,0,0,0,0
250259812021,215,125,0,0,0,0,38,0,52
250259813001,0,0,0,0,0,0,0,0,0
250259813002,329,156,138,0,0,0,23,0,12
250259815011,0,0,0,0,0,0,0,0,0
250259815021,4,0,4,0,0,0,0,0,0
250259816001,0,0,0,0,0,0,0,0,0
250259817001,0,0,0,0,0,0,0,0,0
250259818001,10,10,0,0,0,0,0,0,0
250259901010,71,0,71,0,0,0,0,0,0
250173001001,988,900,7,0,0,0,19,5,57
250173001002,708,665,7,0,0,0,7,0,29
250173011011,991,847,7,0,0,0,15,0,122
250173011012,554,515,0,0,11,0,0,0,28
250173011013,572,530,0,0,0,0,0,0,42
250173011021,816,784,8,0,0,0,0,7,17
250173011022,1273,1174,37,0,0,9,8,11,34
250173011023,870,792,0,0,0,0,0,0,78
250173101001,681,437,44,39,0,0,126,0,35
250173101002,1009,699,87,14,0,0,98,43,68
250173101003,1043,863,36,0,0,0,117,27,0
250173102001,731,658,16,0,0,0,0,0,57
250173102002,195,156,0,0,0,0,0,22,17
250173102003,1466,1175,116,13,0,0,80,82,0
250173102004,443,434,7,0,0,0,1,0,1
250173102005,429,351,0,0,0,0,37,41,0
250173103001,803,718,0,34,0,0,0,30,21
250173103002,517,470,0,0,0,0,47,0,0
250173103003,461,386,0,0,0,0,75,0,0
250173103004,399,331,0,0,0,0,27,0,41
250173103005,540,440,0,23,0,0,42,0,35
250173104001,544,448,41,0,0,0,17,0,38
250173104002,656,495,56,0,0,0,87,0,18
250173104003,411,317,42,0,0,0,52,0,0
250173105001,298,196,6,0,0,7,74,0,15
250173105002,1078,694,60,0,0,0,301,23,0
250173105003,390,308,19,0,0,0,63,0,0
250173106011,1305,1215,14,0,11,0,44,0,21
250173106012,1463,1431,0,0,0,0,0,30,2
250173106013,141,118,20,0,0,0,0,3,0
250173106021,766,766,0,0,0,0,0,0,0
250173106022,822,684,53,0,14,0,71,0,0
250173106023,319,319,0,0,0,0,0,0,0
250173106024,870,721,95,0,0,0,39,0,15
250173107001,563,521,0,0,0,0,42,0,0
250173107002,669,445,109,0,0,7,90,0,18
250173107003,1100,956,37,0,0,0,38,26,43
250173111001,553,479,0,0,0,0,53,7,14
250173111002,723,556,28,0,0,0,109,3,27
250173112001,749,687,15,22,0,5,9,0,11
250173112002,610,534,10,0,0,0,20,8,38
250173113001,569,492,18,0,0,0,0,0,59
250173113002,660,618,14,0,0,24,0,0,4
250173113003,801,618,61,0,0,5,69,0,48
250173114001,227,204,0,0,0,0,17,0,6
250173114002,372,352,0,0,0,0,0,0,20
250173114003,909,841,0,0,0,0,24,19,25
250173114004,1233,1076,119,0,0,0,0,0,38
250173115001,635,573,46,0,0,0,0,0,16
250173115002,618,595,13,0,0,0,0,0,10
250173115003,358,281,35,0,0,0,33,0,9
250173116001,990,917,0,0,0,0,8,16,49
250173116002,739,730,0,0,0,0,0,0,9
250173116003,301,264,0,0,0,0,26,0,11
250173116004,445,412,0,0,0,0,0,0,33
250173116005,312,296,0,8,0,0,0,0,8
250173117001,388,332,14,0,0,0,0,10,32
250173117002,639,568,13,0,0,0,58,0,0
250173117003,511,425,47,0,0,0,0,0,39
250173117004,921,880,25,0,0,0,11,0,5
250173118001,992,903,17,0,0,1,14,21,36
250173118002,575,478,39,0,0,0,50,1,7
250173119001,693,572,54,0,0,0,56,11,0
250173119002,255,159,45,0,0,0,22,19,10
250173120001,499,433,18,0,0,0,26,0,22
250173120002,747,603,4,10,4,0,41,4,81
250173121001,412,372,10,0,0,0,0,9,21
250173121002,399,370,0,0,0,0,0,0,29
250173121003,487,453,0,0,0,0,34,0,0
250173122001,945,779,33,0,0,0,32,28,73
250173122002,641,616,13,0,0,0,12,0,0
250173122003,419,398,0,0,0,0,0,0,21
250173122004,406,328,20,0,0,58,0,0,0
250173123001,711,641,28,0,0,0,1,40,1
250173123002,813,799,14,0,0,0,0,0,0
250173123003,1212,1045,30,0,0,14,68,0,55
250173124001,79,57,0,11,0,0,5,0,6
250173124002,870,759,39,0,0,0,29,0,43
250173125011,1026,907,64,0,0,0,0,0,55
250173125012,483,421,0,0,0,0,0,23,39
250173125013,940,718,15,0,0,0,112,10,85
250173125021,1126,939,72,0,0,0,8,21,86
250173125022,440,429,11,0,0,0,0,0,0
250173125023,547,547,0,0,0,0,0,0,0
250173131011,1398,1292,0,1,0,0,18,0,87
250173131012,1472,1415,0,0,0,17,0,0,40
250173131013,809,773,0,0,0,0,20,0,16
250173131021,375,364,0,0,0,0,0,0,11
250173131022,522,508,0,0,0,0,0,0,14
250173131023,1532,1441,47,0,0,0,13,0,31
250173131024,910,838,24,0,0,0,11,16,21
250173141011,827,708,59,0,0,0,13,0,47
250173141012,747,729,0,0,0,0,0,0,18
250173141013,2116,1968,0,0,0,0,74,0,74
250173141021,842,739,18,0,0,0,0,0,85
250173141022,807,645,39,0,0,0,0,11,112
250173141023,837,756,28,0,0,0,14,0,39
250173141024,870,795,0,0,0,0,48,27,0
250173141025,476,476,0,0,0,0,0,0,0
250173142001,627,626,1,0,0,0,0,0,0
250173142002,1144,1119,0,0,0,0,0,0,25
250173142003,1025,962,21,0,0,0,13,29,0
250173143011,1048,928,44,0,0,0,14,62,0
250173143012,273,261,0,0,0,0,12,0,0
250173143013,1356,1285,33,0,0,0,0,0,38
250173143014,860,809,35,0,0,16,0,0,0
250173143015,1028,1012,16,0,0,0,0,0,0
250173143021,716,660,5,0,0,0,0,0,51
250173143022,1015,932,4,0,0,9,7,0,63
250173151001,1470,1335,40,0,9,0,12,0,74
250173151002,1927,1805,19,0,10,0,48,0,45
250173152001,976,857,18,0,0,0,0,0,101
250173152002,1508,1409,30,0,0,0,15,0,54
250173152003,942,825,74,0,0,0,0,0,43
250173152004,1016,998,18,0,0,0,0,0,0
250173154011,1004,931,0,0,0,0,0,0,73
250173154012,778,731,21,0,0,8,0,0,18
250173154021,516,473,19,0,0,0,0,0,24
250173154022,1131,1053,24,0,0,0,6,6,42
250173154031,335,309,4,0,0,0,0,0,22
250173154032,551,532,15,0,4,0,0,0,0
250173155001,601,472,17,0,0,0,35,0,77
250173155002,973,891,11,0,0,0,0,0,71
250173155003,406,370,22,0,0,0,0,0,14
250173155004,575,509,14,0,0,14,0,0,38
250173155005,772,722,33,0,0,0,0,0,17
250173155006,1015,878,72,0,16,0,27,0,22
250173161011,971,895,10,0,0,0,16,6,44
250173161012,805,752,13,0,0,10,10,9,11
250173161013,1011,952,45,0,0,0,0,14,0
250173161021,857,838,0,0,0,0,0,0,19
250173161022,1176,1063,46,0,0,52,0,0,15
250173161023,774,730,0,0,0,0,0,0,44
250173161024,620,593,0,0,0,0,0,10,17
250173162011,653,595,17,0,0,0,0,0,41
250173162012,1164,1093,5,0,0,0,0,15,51
250173162013,455,397,27,0,0,0,8,0,23
250173162021,956,828,102,0,26,0,0,0,0
250173162022,1067,1007,37,0,0,0,0,0,23
250173162023,411,382,9,0,9,0,0,0,11
250173163001,2331,2054,186,20,0,0,0,17,54
250173163002,290,290,0,0,0,0,0,0,0
250173163003,311,293,0,0,0,0,0,0,18
250173163004,702,702,0,0,0,0,0,0,0
250173163005,1280,1169,37,0,0,0,34,0,40
250173163006,363,334,29,0,0,0,0,0,0
250173164001,558,448,77,0,12,0,0,10,11
250173164002,471,428,0,0,7,0,0,0,36
250173164003,569,553,0,0,0,0,0,0,16
250173164004,909,866,5,0,0,0,10,0,28
250173164005,1022,974,48,0,0,0,0,0,0
250173164006,0,0,0,0,0,0,0,0,0
250173165001,944,759,32,0,0,0,48,0,105
250173165002,742,666,69,0,0,0,0,0,7
250173165003,537,537,0,0,0,0,0,0,0
250173165004,783,665,25,0,0,0,0,0,93
250173165005,515,501,0,0,0,0,14,0,0
250173171011,803,699,63,0,0,0,0,0,41
250173171012,535,535,0,0,0,0,0,0,0
250173171013,761,669,62,0,0,0,0,0,30
250173171014,1390,1279,14,0,0,0,56,0,41
250173171021,950,860,0,0,12,0,0,23,55
250173171022,612,591,0,0,0,0,21,0,0
250173171023,919,833,0,0,0,0,0,0,86
250173171031,1162,1050,48,0,0,10,0,0,54
250173171032,864,755,31,0,0,11,9,8,50
250173171033,545,493,22,0,0,0,0,0,30
250173172011,703,628,10,0,0,0,0,7,58
250173172012,731,655,50,0,0,0,0,0,26
250173172021,824,687,30,0,0,0,28,34,45
250173172022,1081,955,60,0,0,10,0,0,56
250173172031,500,448,37,0,0,0,8,0,7
250173172032,1271,1209,0,0,0,0,7,7,48
250173172033,297,255,0,0,0,0,11,0,31
250173173011,967,846,24,0,0,0,40,0,57
250173173012,323,260,20,0,0,0,21,0,22
250173173021,812,722,15,0,0,0,0,0,75
250173173022,1406,1178,27,0,17,0,14,0,170
250173173023,758,680,40,0,0,0,0,0,38
250173181001,1439,1418,0,0,0,0,0,7,14
250173181002,769,754,0,0,0,0,0,0,15
250173181003,466,373,53,0,0,0,11,0,29
250173181004,1062,892,37,0,0,0,0,0,133
250173182001,1811,1640,57,0,0,0,0,0,114
250173182002,778,741,0,0,0,0,1,0,36
250173183001,482,448,0,0,0,0,0,0,34
250173183002,1209,1151,0,0,0,0,0,34,24
250173183003,899,757,16,0,0,0,17,0,109
250173183004,1400,1311,12,0,0,0,0,0,77
250173184001,1446,1304,16,0,0,25,14,0,87
250173184002,569,522,14,0,0,0,0,0,33
250173201021,622,534,58,0,0,0,0,0,30
250173201022,768,646,59,0,0,0,0,0,63
250173201023,1376,1174,28,0,0,10,0,7,157
250173201031,1531,1216,151,0,0,7,17,13,127
250173201041,1746,1453,111,0,0,0,21,15,146
250173201042,1618,1245,59,0,0,0,52,30,232
250173201043,838,616,118,0,0,0,82,0,22
250173211001,1712,1599,0,0,0,0,27,0,86
250173211002,1343,1246,17,0,0,0,0,15,65
250173211003,398,316,0,0,0,0,0,19,63
250173212001,1261,1139,48,0,0,0,0,18,56
250173212002,1121,971,16,0,0,0,88,0,46
250173212003,1318,1245,14,0,0,0,0,0,59
250173213001,975,907,22,0,0,0,0,46,0
250173213002,562,560,0,0,0,2,0,0,0
250173213003,416,369,0,0,0,0,29,0,18
250173213004,961,873,0,0,0,0,0,0,88
250173213005,342,317,25,0,0,0,0,0,0
250173213006,1305,1289,0,0,0,0,16,0,0
250173214001,1162,1045,30,0,0,0,11,0,76
250173214002,460,437,0,0,0,0,0,0,23
250173215001,2027,1778,111,0,0,0,52,15,71
250173215002,1078,853,11,0,0,0,14,111,89
250173215003,1013,897,68,0,0,0,0,0,48
250173216001,2613,2192,62,0,0,0,71,163,125
250173216002,804,741,0,0,0,0,0,0,63
250173216003,604,523,0,0,0,0,0,0,81
250173216004,857,823,0,0,0,0,16,0,18
250173221001,702,651,13,0,9,0,0,0,29
250173221002,562,458,15,0,0,0,0,0,89
250173221003,525,434,21,0,0,0,0,0,70
250173221004,763,724,7,0,0,0,0,0,32
250173222001,802,772,8,0,0,0,0,14,8
250173222002,1218,1126,26,0,0,0,0,0,66
250173223001,1036,955,0,0,0,0,43,0,38
250173223002,1864,1788,13,0,0,0,39,0,24
250173223003,572,572,0,0,0,0,0,0,0
250173224001,948,901,0,0,11,0,0,9,27
250173224002,1017,865,0,0,0,0,17,86,49
250173224003,642,598,15,0,0,0,0,0,29
250173231001,1117,987,17,0,0,0,0,0,113
250173231002,493,378,41,0,0,0,17,0,57
250173231003,729,681,29,0,0,0,19,0,0
250173231004,1357,1270,13,0,15,0,0,0,59
250173241011,954,809,42,0,0,0,18,0,85
250173241012,860,720,41,0,0,0,27,0,72
250173241013,879,819,27,0,0,0,10,0,23
250173241021,629,582,18,0,0,0,0,0,29
250173241022,1359,1139,78,0,0,0,11,0,131
250173241023,352,309,0,0,0,0,12,0,31
250173251001,1511,1394,49,0,0,0,0,0,68
250173251002,605,567,0,0,0,0,27,0,11
250173251003,461,389,14,0,0,14,44,0,0
250173251004,409,357,21,0,0,0,0,0,31
250173251005,388,267,16,0,0,0,8,87,10
250173251006,819,773,0,0,0,0,16,13,17
250173251007,434,434,0,0,0,0,0,0,0
250173261011,643,536,20,0,0,0,0,0,87
250173261012,1690,1401,37,0,0,10,67,0,175
250173261021,1349,1179,40,0,0,0,14,0,116
250173261022,1348,1160,80,0,0,18,0,0,90
250173261023,676,541,55,0,0,0,0,18,62
250173271011,1120,1030,21,0,0,0,0,0,69
250173271012,1078,1005,12,0,0,0,0,0,61
250173271021,405,394,11,0,0,0,0,0,0
250173271022,797,797,0,0,0,0,0,0,0
250173271023,974,914,0,8,0,0,10,0,42
250173271031,876,729,23,0,0,0,13,9,102
250173271032,276,276,0,0,0,0,0,0,0
250173271033,770,658,10,0,0,0,0,0,102
250173281001,1318,1224,5,0,0,0,10,0,79
250173281002,559,475,13,0,0,0,0,0,71
250173301001,575,528,0,0,0,0,0,0,47
250173301002,1176,1058,29,0,0,0,0,30,59
250173301003,906,722,101,0,0,0,0,0,83
250173301004,874,775,16,0,0,0,0,40,43
250173301005,1177,1063,30,0,0,0,0,0,84
250173302001,1198,1021,132,0,0,0,45,0,0
250173302002,1172,1070,11,0,0,0,7,0,84
250173302003,693,623,27,26,0,0,0,0,17
250173302004,793,696,13,0,0,0,41,0,43
250173311011,910,821,27,0,0,0,0,0,62
250173311012,1074,1034,2,0,0,12,0,0,26
250173311021,594,539,26,0,0,0,0,0,29
250173311022,1215,1121,65,0,0,0,13,0,16
250173311023,1423,1297,88,0,0,0,27,0,11
250173311024,543,543,0,0,0,0,0,0,0
250173312001,1712,1550,61,13,0,0,0,11,77
250173312002,1596,1470,32,0,0,0,16,24,54
250173313001,1201,1054,26,0,0,0,0,39,82
250173313002,1442,1262,67,0,0,0,34,21,58
250173313003,1202,986,159,0,15,0,0,0,42
250173321001,611,526,50,0,0,0,0,0,35
250173321002,1056,982,0,0,0,0,0,0,74
250173321003,695,673,22,0,0,0,0,0,0
250173321004,762,729,14,0,0,0,0,0,19
250173322001,1919,1752,25,0,0,0,105,0,37
250173322002,1301,1104,67,0,0,0,0,64,66
250173322003,438,427,0,0,0,0,0,0,11
250173322004,1195,1116,47,0,0,0,14,0,18
250173323001,488,471,17,0,0,0,0,0,0
250173323002,449,380,29,0,0,0,25,0,15
250173323003,699,562,16,0,0,0,13,0,108
250173323004,1367,1264,37,0,0,0,0,0,66
250173323005,540,526,0,0,0,0,14,0,0
250173324001,1100,933,102,0,0,7,36,10,12
250173324002,760,671,0,0,0,0,21,14,54
250173331001,1512,1281,77,0,0,0,14,0,140
250173331002,548,520,28,0,0,0,0,0,0
250173331003,381,368,13,0,0,0,0,0,0
250173331004,621,564,17,0,0,0,0,0,40
250173331005,1150,907,114,0,0,0,0,0,129
250173332001,963,905,34,0,0,0,0,0,24
250173332002,314,282,32,0,0,0,0,0,0
250173332003,446,375,0,0,10,0,40,0,21
250173332004,743,695,28,0,0,0,0,0,20
250173333001,534,482,21,0,5,9,0,17,0
250173333002,917,693,134,0,0,0,59,0,31
250173333003,760,652,20,0,0,0,12,0,76
250173334001,948,784,30,0,0,0,73,0,61
250173334002,818,741,16,21,0,0,17,0,23
250173334003,594,556,38,0,0,0,0,0,0
250173334004,516,471,45,0,0,0,0,0,0
250173334005,833,724,53,0,0,0,0,0,56
250173335011,392,296,34,0,0,0,0,15,47
250173335012,1339,1200,23,0,9,0,12,0,95
250173335013,1287,1076,68,0,0,0,21,48,74
250173335021,783,649,8,0,0,0,33,28,65
250173335022,1040,963,18,0,0,0,19,0,40
250173336001,1599,1361,94,0,0,0,144,0,0
250173336002,409,399,0,0,0,0,0,0,10
250173336003,472,420,36,0,0,0,0,0,16
250173336004,638,580,58,0,0,0,0,0,0
250173336005,413,337,27,0,0,0,49,0,0
250173336006,932,885,18,0,0,0,0,0,29
250173341001,1124,887,160,0,0,0,25,0,52
250173341002,1162,940,64,0,0,0,37,21,100
250173341003,1773,1456,250,0,0,0,0,0,67
250173342001,684,502,111,0,0,0,19,0,52
250173342002,498,416,50,0,0,0,16,8,8
250173342003,430,337,83,0,0,0,0,10,0
250173342004,549,464,73,0,0,0,0,0,12
250173343001,1060,918,58,0,0,0,0,20,64
250173343002,690,573,13,0,0,0,0,0,104
250173343003,901,855,0,0,0,0,0,0,46
250173343004,1582,1339,151,0,0,41,0,0,51
250173344001,873,765,0,0,0,12,0,22,74
250173344002,1016,887,85,0,0,0,0,25,19
250173344003,738,598,34,0,0,0,25,25,56
250173344004,349,236,73,0,0,0,0,1,39
250173344005,545,439,79,0,0,0,0,0,27
250173351001,808,727,53,0,0,0,0,0,28
250173351002,530,497,33,0,0,0,0,0,0
250173351003,172,139,33,0,0,0,0,0,0
250173351004,885,751,0,0,0,0,0,27,107
250173351005,530,492,25,0,0,0,0,0,13
250173351006,337,282,41,0,0,0,0,0,14
250173352001,356,276,16,0,0,0,46,0,18
250173352002,439,303,67,0,0,0,0,0,69
250173352003,332,320,0,0,0,0,0,0,12
250173352004,918,756,121,0,0,0,23,0,18
250173352005,1324,1176,99,9,0,8,0,0,32
250173353011,1082,910,144,0,0,16,0,0,12
250173353012,925,701,101,0,0,14,58,11,40
250173353013,622,495,21,0,0,0,61,45,0
250173353021,482,420,22,0,0,0,0,28,12
250173353022,1732,1527,97,0,0,0,48,14,46
250173353023,655,595,46,0,0,0,0,0,14
250173354001,318,266,42,0,0,0,10,0,0
250173354002,1234,1077,81,0,0,0,9,0,67
250173354003,948,709,170,0,0,12,0,29,28
250173354004,419,347,43,0,0,20,0,0,9
250173361001,681,391,230,0,0,0,37,23,0
250173361002,513,354,94,0,0,0,0,19,46
250173361003,888,690,146,0,0,0,0,13,39
250173361004,346,244,69,0,0,0,33,0,0
250173361005,252,155,47,0,0,17,14,0,19
250173361006,425,235,164,0,0,0,0,0,26
250173362001,407,204,179,0,0,12,0,0,12
250173362002,832,649,127,0,0,0,0,0,56
250173362003,657,530,84,0,0,0,31,0,12
250173362004,310,222,50,0,0,0,0,12,26
250173362005,289,175,48,0,0,0,17,0,49
250173362006,280,195,18,0,0,0,0,0,67
250173362007,547,410,121,0,0,0,0,0,16
250173363001,496,433,34,0,0,0,0,0,29
250173363002,245,175,63,0,0,0,7,0,0
250173363003,577,379,150,0,0,0,0,0,48
250173363004,347,327,0,0,0,0,0,0,20
250173363005,672,443,122,0,0,25,46,0,36
250173363006,634,538,40,0,0,0,29,0,27
250173363007,840,398,317,0,0,0,0,0,125
250173364011,377,234,120,0,0,0,23,0,0
250173364012,1123,667,425,0,0,0,0,0,31
250173364013,1266,986,214,0,0,13,53,0,0
250173364021,591,432,8,0,0,0,120,0,31
250173364022,586,367,203,0,0,0,16,0,0
250173364023,759,554,164,0,0,17,24,0,0
250173364024,815,556,191,0,0,0,47,0,21
250173371011,875,749,76,0,0,21,20,0,9
250173371012,695,611,27,0,9,0,31,8,9
250173371021,226,173,53,0,0,0,0,0,0
250173371022,1336,1162,152,0,0,0,0,1,21
250173371023,1365,1200,106,0,0,9,0,0,50
250173372011,913,807,24,0,0,0,20,0,62
250173372012,340,302,24,0,0,0,0,0,14
250173372013,482,432,34,0,0,0,0,0,16
250173372021,723,570,103,0,0,0,15,0,35
250173372022,787,692,17,0,0,0,0,34,44
250173372023,576,509,33,0,0,0,34,0,0
250173372024,523,479,31,0,0,0,13,0,0
250173373001,617,506,41,0,0,0,53,0,17
250173373002,599,577,0,0,0,0,0,0,22
250173373003,564,502,51,0,0,0,0,0,11
250173373004,1194,1101,91,0,0,0,0,0,2
250173373005,327,270,44,0,0,0,13,0,0
250173381001,666,464,91,0,0,47,0,0,64
250173381002,994,765,95,0,0,24,28,20,62
250173382001,1507,1223,220,12,0,0,8,0,44
250173382002,528,403,47,0,0,32,14,0,32
250173383001,338,288,41,0,0,0,0,0,9
250173383002,453,363,42,2,0,0,14,7,25
250173383003,501,405,47,0,0,9,7,0,33
250173384001,891,717,63,0,0,12,3,0,96
250173384002,709,579,112,0,0,11,7,0,0
250173384003,704,543,113,0,0,25,0,0,23
250173384004,748,621,73,0,0,0,0,0,54
250173385001,692,485,124,0,0,26,0,0,57
250173385002,985,776,114,0,0,11,0,22,62
250173385003,676,492,79,0,0,6,30,0,69
250173385004,564,429,61,0,0,12,10,0,52
250173391001,408,377,31,0,0,0,0,0,0
250173391002,854,660,130,0,0,31,0,0,33
250173391003,785,522,123,0,0,0,92,0,48
250173391004,536,418,75,0,0,0,0,0,43
250173391005,657,512,48,0,0,15,0,0,82
250173392001,439,267,108,0,0,27,0,0,37
250173392002,687,578,91,0,0,0,0,0,18
250173392003,694,522,172,0,0,0,0,0,0
250173392004,728,515,172,0,0,0,14,14,13
250173392005,388,257,75,0,0,0,34,0,22
250173392006,426,352,32,0,7,0,0,0,35
250173393001,282,219,39,0,0,9,0,0,15
250173393002,382,269,73,0,0,11,0,15,14
250173393003,905,577,257,0,0,33,0,0,38
250173394001,442,276,96,0,23,18,10,0,19
250173394002,402,222,91,0,0,35,44,0,10
250173394003,630,361,155,0,0,11,64,21,18
250173394004,652,400,114,0,12,37,56,0,33
250173395001,1743,820,285,0,0,10,497,7,124
250173395002,559,382,117,0,8,4,44,0,4
250173395003,474,402,72,0,0,0,0,0,0
250173395004,459,374,31,0,0,0,42,0,12
250173396001,580,363,43,0,0,44,130,0,0
250173396002,752,383,124,0,0,0,212,0,33
250173396003,609,384,134,0,0,51,40,0,0
250173396004,747,407,167,0,0,47,56,0,70
250173396005,631,280,320,0,0,0,22,0,9
250173396006,366,241,71,0,0,0,22,0,32
250173397001,543,492,27,0,0,10,14,0,0
250173397002,836,457,287,0,0,0,82,0,10
250173397003,726,467,222,0,0,0,12,0,25
250173397004,371,240,100,0,0,0,31,0,0
250173398011,1394,774,545,17,0,10,0,32,16
250173398012,300,244,37,0,0,6,13,0,0
250173398013,614,405,198,0,0,11,0,0,0
250173398014,379,336,43,0,0,0,0,0,0
250173398021,704,473,181,0,0,0,3,8,39
250173398022,1186,712,352,0,0,0,50,9,63
250173398023,586,512,0,0,0,0,0,17,57
250173399001,972,703,190,0,0,0,54,25,0
250173399002,319,208,81,0,0,0,0,0,30
250173399003,520,381,73,0,0,0,16,11,39
250173399004,482,294,188,0,0,0,0,0,0
250173399005,253,179,57,0,0,0,0,0,17
250173400001,564,385,121,0,0,0,0,0,58
250173400002,466,368,61,0,0,0,13,0,24
250173400003,391,333,50,0,0,0,0,0,8
250173401001,370,272,64,20,0,0,0,14,0
250173401002,448,348,60,0,0,0,0,0,40
250173401003,877,721,70,0,0,0,0,0,86
250173401004,1007,729,199,1,0,0,31,0,47
250173401005,409,377,0,0,0,0,0,0,32
250173401006,424,350,48,12,0,0,0,0,14
250173411011,946,561,315,0,0,9,31,17,13
250173411012,461,131,284,0,0,0,19,0,27
250173411013,976,617,305,0,0,8,13,1,32
250173411021,731,219,501,0,0,0,4,0,7
250173411022,291,102,166,0,0,0,0,0,23
250173411023,694,229,456,0,0,0,0,0,9
250173411024,315,250,65,0,0,0,0,0,0
250173411025,319,195,78,0,0,0,32,0,14
250173412001,571,237,280,0,0,0,31,0,23
250173412002,816,491,325,0,0,0,0,0,0
250173412003,350,262,78,0,0,0,0,10,0
250173412004,815,626,102,0,0,75,12,0,0
250173412005,941,602,246,0,0,0,93,0,0
250173412006,310,215,78,0,0,0,17,0,0
250173413001,1483,540,766,13,0,0,121,43,0
250173413002,209,57,131,0,0,0,0,0,21
250173413003,741,84,503,0,0,0,43,15,96
250173414001,414,200,153,0,0,0,61,0,0
250173414002,600,494,106,0,0,0,0,0,0
250173414003,935,632,246,0,0,0,18,0,39
250173414004,952,770,137,0,0,0,45,0,0
250173414005,576,169,315,0,0,0,75,0,17
250173415001,735,471,264,0,0,0,0,0,0
250173415002,319,172,135,0,0,0,12,0,0
250173415003,778,578,200,0,0,0,0,0,0
250173415004,676,265,359,0,0,0,25,6,21
250173415005,526,206,188,0,0,0,61,0,71
250173416001,340,284,56,0,0,0,0,0,0
250173416002,483,349,134,0,0,0,0,0,0
250173416003,709,326,234,0,0,0,0,122,27
250173416004,507,188,222,0,0,0,76,21,0
250173416005,470,287,169,0,0,0,14,0,0
250173416006,1097,470,488,0,0,0,106,0,33
250173417001,315,256,38,0,0,0,0,0,21
250173417002,434,324,110,0,0,0,0,0,0
250173417003,537,349,65,0,0,0,35,12,76
250173417004,632,403,115,0,0,0,0,17,97
250173417005,741,622,119,0,0,0,0,0,0
250173418001,847,719,100,0,0,0,0,0,28
250173418002,541,423,88,0,0,0,30,0,0
250173418003,522,288,234,0,0,0,0,0,0
250173418004,367,187,148,0,0,0,0,0,32
250173418005,708,494,151,0,0,0,0,40,23
250173418006,231,101,76,0,0,0,0,45,9
250173419011,298,240,44,0,0,0,0,0,14
250173419012,438,361,55,0,0,0,22,0,0
250173419021,855,722,98,0,0,0,11,0,24
250173419022,365,274,73,0,0,0,0,0,18
250173419023,758,579,119,0,0,0,60,0,0
250173419024,453,356,46,0,0,0,50,1,0
250173419025,574,437,110,0,0,0,0,0,27
250173419026,1299,937,303,0,0,0,0,0,59
250173421011,946,517,357,21,0,18,33,0,0
250173421012,405,241,143,0,0,0,0,0,21
250173421013,278,194,54,0,0,0,0,0,30
250173421014,525,306,109,0,66,0,37,0,7
250173421021,579,501,53,0,0,0,11,0,14
250173421022,355,287,54,0,0,0,0,0,14
250173421023,441,413,28,0,0,0,0,0,0
250173421024,472,314,106,0,0,0,24,28,0
250173422011,1567,961,488,0,0,41,50,0,27
250173422012,1057,813,128,0,0,8,55,19,34
250173422021,1085,762,155,0,9,38,66,0,55
250173422022,816,668,66,15,0,0,8,0,59
250173423001,491,361,130,0,0,0,0,0,0
250173423002,1280,1016,142,0,0,0,122,0,0
250173423003,1143,670,419,0,0,0,54,0,0
250173423004,931,605,218,0,0,0,16,0,92
250173424001,652,375,236,0,0,0,0,0,41
250173424002,551,421,130,0,0,0,0,0,0
250173424003,174,140,0,0,0,0,28,0,6
250173424004,1772,1043,665,41,0,0,0,9,14
250173424005,425,249,97,0,0,0,55,0,24
250173425001,1446,1048,322,0,0,40,0,17,19
250173425002,1496,1085,320,0,0,0,39,0,52
250173425003,1171,867,188,0,0,0,84,0,32
250173426001,506,390,101,0,0,0,0,15,0
250173426002,641,393,146,0,0,0,39,0,63
250173426003,1807,1320,409,0,0,0,11,33,34
250173501031,0,0,0,0,0,0,0,0,0
250173501032,919,637,163,0,0,0,32,5,82
250173501041,1207,837,332,0,0,9,24,0,5
250173501042,1040,830,170,0,0,0,20,10,10
250173501043,882,407,391,0,0,18,0,0,66
250173501044,499,171,167,0,0,39,85,0,37
250173502001,1488,1147,144,28,0,47,13,0,109
250173502002,208,122,30,0,0,28,0,0,28
250173502003,683,346,200,0,0,12,86,0,39
250173502004,1157,752,259,0,35,77,15,0,19
250173502005,330,258,32,0,22,18,0,0,0
250173502006,443,98,270,0,0,41,34,0,0
250173503001,629,336,148,2,0,104,39,0,0
250173503002,670,283,268,0,0,7,50,16,46
250173503003,522,185,214,0,0,26,79,0,18
250173504001,556,89,395,0,0,28,24,0,20
250173504002,845,375,325,0,0,108,13,0,24
250173504003,1232,587,534,0,0,80,31,0,0
250173504004,980,286,413,0,0,94,85,0,102
250173504005,493,174,270,0,0,9,0,0,40
250173505001,443,123,158,0,0,40,87,0,35
250173505002,656,215,336,0,0,0,29,0,76
250173506001,799,158,82,0,0,21,465,7,66
250173506002,512,223,173,0,0,16,69,0,31
250173506003,330,169,46,0,0,0,103,0,12
250173506004,899,435,343,0,0,73,10,0,38
250173507001,582,438,130,0,0,14,0,0,0
250173507002,507,274,180,0,0,0,53,0,0
250173507003,705,377,115,0,0,20,142,0,51
250173507004,620,311,238,0,0,0,71,0,0
250173507005,584,250,273,0,0,23,27,0,11
250173507006,873,349,383,0,0,57,58,0,26
250173508001,784,375,326,0,0,36,13,0,34
250173508002,773,291,378,0,0,38,41,0,25
250173509001,894,437,385,0,0,0,54,0,18
250173509002,834,334,339,0,0,107,32,0,22
250173509003,1264,398,684,0,0,44,43,0,95
250173510001,1117,345,346,43,0,117,245,0,21
250173510002,456,118,248,0,0,13,77,0,0
250173510003,607,191,300,0,0,29,87,0,0
250173510004,1912,532,947,0,0,109,243,23,58
250173510005,873,272,399,0,0,65,87,0,50
250173510006,846,318,272,28,0,70,126,15,17
250173511001,1147,525,294,0,0,122,113,33,60
250173511002,595,385,110,0,0,0,28,15,57
250173511003,920,421,233,0,0,138,104,0,24
250173511004,479,130,173,0,0,31,117,0,28
250173511005,1268,453,351,0,0,167,161,0,136
250173512031,789,157,217,0,0,165,215,0,35
250173512032,750,195,215,0,0,148,174,0,18
250173512033,630,259,122,9,0,49,185,0,6
250173512034,1185,283,346,0,0,132,391,0,33
250173512041,988,357,237,0,0,62,236,0,96
250173512042,1199,502,199,0,0,206,223,0,69
250173512043,732,235,166,0,0,118,156,9,48
250173513001,1576,774,266,0,0,194,307,0,35
250173513002,705,276,236,0,0,65,27,7,94
250173513003,588,264,58,17,0,79,46,88,36
250173514031,594,206,257,0,0,8,123,0,0
250173514032,579,175,337,0,0,20,47,0,0
250173514033,412,240,124,0,0,17,8,1,22
250173514034,832,490,263,0,0,13,23,43,0
250173514035,331,122,155,0,0,35,19,0,0
250173514041,616,338,178,0,0,9,61,0,30
250173514042,845,493,156,0,0,33,127,0,36
250173514043,496,291,144,0,0,41,20,0,0
250173514044,307,120,119,0,0,27,41,0,0
250173515001,164,59,68,0,0,37,0,0,0
250173515002,1391,488,387,0,0,78,296,31,111
250173521011,240,78,77,0,0,17,68,0,0
250173521012,964,376,267,5,0,25,162,17,112
250173521021,589,237,104,0,0,53,187,0,8
250173521022,884,267,349,9,7,53,184,0,15
250173522001,950,264,356,15,0,61,198,0,56
250173523001,1535,488,542,0,0,39,408,9,49
250173523002,955,221,176,19,0,10,462,13,54
250173524001,186,59,71,0,0,18,33,0,5
250173524002,865,213,356,0,0,94,194,8,0
250173525001,736,283,164,33,0,61,151,0,44
250173525002,1178,312,489,17,0,159,180,0,21
250173526001,1011,388,217,0,0,88,289,0,29
250173526002,633,170,218,0,0,39,168,0,38
250173527001,534,209,162,0,0,35,122,0,6
250173527002,382,167,57,0,0,74,84,0,0
250173527003,255,121,77,0,0,5,33,0,19
250173528001,263,58,68,6,0,48,71,0,12
250173528002,1290,461,420,0,0,164,188,4,53
250173529001,506,163,71,0,0,64,171,11,26
250173529002,1365,526,265,0,0,131,312,0,131
250173530001,30,0,21,0,0,0,9,0,0
250173530002,269,74,99,0,0,15,54,0,27
250173530003,466,37,236,0,0,27,83,8,75
250173530004,1358,297,710,14,0,95,102,0,140
250173531011,800,116,355,0,0,23,268,0,38
250173531012,803,247,215,0,0,84,252,0,5
250173531021,1017,139,57,0,0,121,618,0,82
250173531022,750,64,122,0,0,9,470,9,76
250173531023,519,47,30,0,0,34,335,7,66
250173532001,2030,302,560,0,22,157,892,28,69
250173532002,606,225,157,3,0,21,143,0,57
250173532003,685,357,151,8,0,65,65,20,19
250173533001,860,221,328,0,0,97,93,0,121
250173533002,996,451,260,0,0,106,112,2,65
250173533003,680,235,107,0,0,91,156,0,91
250173534001,779,224,342,0,0,45,138,0,30
250173534002,1096,235,402,9,0,66,249,0,135
250173535001,597,112,264,0,0,73,127,0,21
250173535002,926,347,241,0,0,93,189,0,56
250173536001,262,44,36,0,0,8,120,7,47
250173536002,545,124,133,13,0,17,224,0,34
250173536003,428,132,144,0,0,39,91,2,20
250173536004,471,142,201,9,0,59,30,0,30
250173536005,962,202,116,0,0,30,544,13,57
250173537001,514,167,105,0,0,63,117,0,62
250173537002,703,246,224,0,0,43,139,0,51
250173537003,699,89,30,0,0,0,468,15,97
250173537004,589,69,108,0,0,19,304,3,86
250173537005,330,33,51,0,0,38,182,0,26
250173538001,569,174,168,0,0,40,132,0,55
250173538002,550,118,185,0,0,117,87,0,43
250173538003,1222,276,420,0,0,154,303,15,54
250173538004,539,139,220,0,0,0,101,0,79
250173539001,999,157,136,0,0,49,564,0,93
250173539002,825,127,341,0,0,94,245,0,18
250173539003,1058,126,81,0,0,33,762,6,50
250173540001,521,226,109,0,0,36,83,26,41
250173540002,1126,274,121,0,0,63,515,14,139
250173540003,662,162,146,0,0,10,260,8,76
250173541001,204,63,54,0,0,24,63,0,0
250173541002,336,77,51,0,0,33,153,0,22
250173541003,768,192,314,0,0,40,144,4,74
250173541004,351,66,92,10,0,13,136,10,24
250173542001,681,419,145,0,0,34,31,0,52
250173542002,629,248,155,0,0,53,43,8,122
250173542003,382,134,44,0,0,23,111,14,56
250173543001,704,402,147,0,0,67,79,0,9
250173543002,504,223,141,0,0,28,18,19,75
250173543003,523,330,93,0,0,76,10,0,14
250173544001,487,253,111,0,0,31,60,0,32
250173544002,557,267,104,0,0,52,73,6,55
250173545001,475,78,261,0,0,18,39,9,70
250173545002,504,206,52,0,0,65,122,11,48
250173545003,329,94,124,14,0,59,38,0,0
250173546001,1167,464,487,0,0,55,72,18,71
250173546002,323,168,21,0,0,39,65,0,30
250173546003,658,245,131,0,0,0,152,0,130
250173546004,723,292,320,1,0,0,0,0,110
250173547001,732,182,367,0,0,28,85,0,70
250173547002,831,241,375,0,0,62,84,0,69
250173548001,663,186,279,0,0,69,86,0,43
250173548002,857,354,274,0,7,93,47,11,71
250173549001,772,339,290,0,0,51,54,0,38
250173549002,2068,1098,786,0,0,11,121,0,52
250173549003,1415,472,728,14,0,12,49,40,100
250173550001,502,197,238,0,11,16,8,0,32
250173550002,823,384,352,0,0,0,71,0,16
250173550003,524,247,204,0,0,0,36,0,37
250173561001,554,276,237,0,0,31,10,0,0
250173561002,886,437,286,0,0,58,0,30,75
250173561003,570,345,162,0,0,22,0,0,41
250173563001,597,394,101,0,0,41,19,11,31
250173563002,495,304,131,0,0,23,20,0,17
250173563003,507,308,133,0,0,51,0,0,15
250173563004,395,309,86,0,0,0,0,0,0
250173563005,567,378,83,0,0,52,24,0,30
250173563006,526,331,58,0,0,20,0,0,117
250173564001,468,303,61,0,0,0,23,0,81
250173564002,545,321,96,0,0,43,37,0,48
250173564003,487,299,113,0,0,0,0,0,75
250173564004,240,228,0,0,0,0,12,0,0
250173564005,340,219,70,0,0,0,0,0,51
250173564006,661,532,84,0,0,0,0,0,45
250173564007,432,312,54,0,0,0,11,0,55
250173564008,667,559,68,0,0,0,0,0,40
250173565001,596,350,71,0,0,73,13,0,89
250173565002,762,505,155,0,0,50,12,0,40
250173565003,1160,754,255,0,0,31,66,44,10
250173565004,355,347,0,0,0,0,0,0,8
250173565005,488,375,79,0,0,0,0,0,34
250173565006,346,307,24,0,0,0,0,0,15
250173566011,1222,852,279,0,0,21,17,0,53
250173566012,515,400,67,0,0,0,33,0,15
250173566013,274,239,20,0,0,0,0,0,15
250173566014,392,301,66,0,0,6,0,0,19
250173566021,1007,613,227,0,0,24,58,0,85
250173566022,384,315,51,0,0,0,0,0,18
250173566023,569,373,153,0,0,0,8,0,35
250173566024,475,288,111,0,0,0,0,0,76
250173567011,646,319,170,0,0,27,65,0,65
250173567012,636,394,89,0,0,56,18,34,45
250173567013,993,603,178,0,0,79,57,0,76
250173567014,544,293,192,0,0,0,44,0,15
250173567015,379,183,153,0,0,0,29,14,0
250173567016,482,267,173,0,0,14,0,0,28
250173567021,547,369,150,0,0,13,0,0,15
250173567022,660,376,102,0,0,25,67,0,90
250173567023,849,633,166,0,0,31,0,0,19
250173567024,214,193,21,0,0,0,0,0,0
250173567025,359,229,64,0,0,21,16,0,29
250173567026,466,421,13,0,0,0,0,17,15
250173567027,426,252,174,0,0,0,0,0,0
250173571001,422,249,93,0,0,15,14,0,51
250173571002,761,559,144,7,0,8,12,0,31
250173571003,453,314,47,0,0,8,15,0,69
250173571004,419,298,76,0,0,0,6,9,30
250173572001,548,355,119,0,0,30,0,0,44
250173572002,455,300,55,0,0,9,2,10,79
250173572003,308,180,44,0,0,0,6,0,78
250173572004,464,229,127,26,0,21,41,0,20
250173573001,439,339,41,0,0,8,0,0,51
250173573002,736,491,135,0,0,0,13,0,97
250173573003,647,496,103,0,0,26,22,0,0
250173574001,391,241,74,0,0,10,11,0,55
250173574002,387,274,73,0,0,5,0,0,35
250173574003,443,352,24,0,0,13,0,11,43
250173575001,278,196,17,0,0,6,17,6,36
250173575002,412,264,55,0,0,5,6,21,61
250173575003,475,344,105,0,0,0,0,0,26
250173576001,526,340,102,0,0,0,28,0,56
250173576002,836,642,94,0,0,7,33,19,41
250173577001,392,313,11,0,0,19,11,0,38
250173577002,304,236,68,0,0,0,0,0,0
250173577003,621,297,192,11,0,20,41,0,60
250173577004,547,363,101,10,0,15,0,14,44
250173578001,367,287,50,0,0,0,0,0,30
250173578002,483,362,55,0,0,24,0,0,42
250173578003,546,446,43,0,0,0,10,0,47
250173578004,388,280,27,0,0,0,27,14,40
250173581001,524,449,33,0,0,0,0,9,33
250173581002,749,628,49,0,0,24,0,0,48
250173581003,912,736,88,0,0,18,0,0,70
250173581004,705,511,56,0,0,21,52,0,65
250173583001,1522,1119,168,0,0,0,47,15,173
250173583002,992,704,131,0,0,0,0,0,157
250173584001,452,305,64,0,0,21,20,0,42
250173584002,473,324,61,9,0,0,14,15,50
250173584003,1028,838,70,0,0,0,17,11,92
250173584004,559,484,38,0,0,0,0,8,29
250173585001,1021,821,55,0,0,13,11,24,97
250173585002,312,254,22,0,0,0,10,0,26
250173585003,928,773,43,0,12,0,1,8,91
250173586001,742,532,123,0,0,0,35,0,52
250173586002,278,239,16,0,0,0,0,0,23
250173586003,378,347,0,0,0,0,0,0,31
250173586004,664,445,36,0,0,55,91,12,25
250173586005,366,283,49,0,0,0,0,0,34
250173586006,645,486,118,0,0,0,0,0,41
250173587001,1042,873,48,0,0,6,14,9,92
250173587002,677,598,18,0,0,0,0,0,61
250173587003,668,474,44,0,0,34,17,0,99
250173591001,676,565,15,0,0,18,0,0,78
250173591002,725,613,75,0,0,0,0,0,37
250173591003,786,716,21,0,0,0,12,0,37
250173591004,972,849,0,0,0,0,20,0,103
250173593001,684,591,18,0,0,22,9,0,44
250173593002,400,373,0,0,0,18,0,0,9
250173593003,680,598,0,0,0,14,15,0,53
250173593004,1556,1448,46,0,0,9,0,0,53
250173593005,477,372,23,0,0,0,46,0,36
250173601001,723,612,28,0,18,6,45,0,14
250173602001,419,345,24,0,0,0,0,0,50
250173602002,370,322,0,0,0,11,1,0,36
250173602003,719,528,43,0,0,0,10,0,138
250173602004,841,563,156,0,0,0,14,0,108
250173611001,459,261,12,0,0,20,26,16,124
250173611002,487,379,29,0,0,0,0,0,79
250173611003,435,293,49,0,0,0,0,0,93
250173611004,513,425,40,0,0,0,0,0,48
250173611005,486,337,59,0,0,0,27,0,63
250173612001,1014,769,82,0,0,7,100,4,52
250173612002,557,438,67,0,0,8,0,0,44
250173612003,1290,960,142,0,0,0,17,60,111
250173613001,430,291,0,0,0,0,38,29,72
250173613002,755,446,70,0,0,37,36,0,166
250173613003,676,495,11,0,0,0,0,0,170
250173613004,672,488,77,0,0,0,34,0,73
250173613005,393,338,0,0,0,0,0,0,55
250173621001,1207,959,49,0,0,12,12,0,175
250173621002,1207,939,15,0,0,34,9,0,210
250173631021,755,684,55,0,0,0,0,0,16
250173631022,1238,1146,56,0,0,0,0,0,36
250173631023,1424,1251,61,0,0,0,22,0,90
250173631031,1133,964,17,0,0,8,33,0,111
250173631032,537,468,33,0,0,0,19,9,8
250173631041,1456,1280,77,0,15,0,27,13,44
250173631042,556,501,30,0,0,0,0,0,25
250173631043,1144,978,86,0,0,0,0,0,80
250173631044,205,186,16,0,0,0,0,0,3
250173632011,537,402,31,0,0,0,10,0,94
250173632012,646,520,75,0,0,0,0,10,41
250173632013,450,357,42,0,0,0,1,0,50
250173632021,491,446,9,0,0,0,8,0,28
250173632022,606,468,52,0,0,0,0,0,86
250173632023,1029,813,105,0,0,0,22,0,89
250173641011,1364,1307,0,0,0,19,0,0,38
250173641012,671,644,27,0,0,0,0,0,0
250173641013,1001,895,60,0,0,0,0,0,46
250173641021,934,780,88,0,0,0,64,0,2
250173641022,814,744,38,0,0,0,18,0,14
250173641023,315,291,12,0,0,0,0,0,12
250173641024,727,701,26,0,0,0,0,0,0
250173651001,776,666,31,0,0,0,0,0,79
250173651002,858,774,15,0,0,0,0,0,69
250173651003,1339,1227,13,0,0,0,0,0,99
250173651004,689,594,54,0,0,0,41,0,0
250173652011,1099,934,73,0,0,0,0,7,85
250173652012,629,548,11,0,0,0,0,0,70
250173652013,622,533,21,9,0,12,0,0,47
250173652014,656,528,9,0,0,8,0,0,111
250173652021,842,681,27,0,0,0,23,0,111
250173652022,602,556,0,0,0,0,0,0,46
250173652023,642,496,33,0,0,0,20,0,93
250173661001,291,232,0,0,0,0,0,0,59
250173661002,687,606,19,0,0,0,4,0,58
250173661003,519,467,12,0,0,0,0,0,40
250173661004,516,446,8,0,7,0,0,12,43
250173661005,496,412,27,0,0,0,0,0,57
250173662011,1452,1044,169,0,0,0,53,6,180
250173662012,522,360,22,0,0,0,31,0,109
250173662021,947,740,30,0,0,0,16,0,161
250173662022,939,815,40,0,0,0,9,0,75
250173662023,629,513,44,0,0,0,0,0,72
250173671001,543,395,27,0,0,0,0,0,121
250173671002,453,356,31,0,0,0,9,0,57
250173671003,415,294,8,0,0,0,0,0,113
250173671004,463,324,9,0,0,0,9,0,121
250173672001,454,316,35,0,0,0,51,0,52
250173672002,311,218,46,0,0,0,0,0,47
250173672003,801,564,49,0,0,7,102,0,79
250173672004,450,329,27,0,0,0,0,25,69
250173672005,384,334,18,0,0,0,0,0,32
250173672006,377,226,30,0,0,0,15,0,106
250173672007,288,223,18,0,0,0,0,0,47
250173681011,482,446,0,0,0,0,0,0,36
250173681012,1594,1278,212,0,0,0,0,0,104
250173681013,1119,933,94,43,0,0,34,0,15
250173681014,372,360,12,0,0,0,0,0,0
250173681021,1408,1282,15,0,8,0,11,0,92
250173681022,902,790,52,0,0,49,0,0,11
250173682001,1206,950,74,0,9,0,30,13,130
250173682002,313,290,23,0,0,0,0,0,0
250173682003,364,338,12,0,0,0,7,0,7
250173682004,764,619,33,0,0,0,60,20,32
250173683001,804,706,39,0,0,0,3,0,56
250173683002,961,747,151,0,0,0,63,0,0
250173683003,499,399,74,0,0,0,0,0,26
250173683004,620,510,98,0,0,0,12,0,0
250173683005,357,259,21,0,0,0,43,34,0
250173684001,805,676,31,0,0,0,87,0,11
250173684002,1826,508,83,0,0,29,951,15,240
250173684003,879,799,28,0,0,25,27,0,0
250173684004,662,506,85,0,14,0,20,0,37
250173684005,207,191,16,0,0,0,0,0,0
250173685001,678,536,21,0,0,10,49,0,62
250173685002,576,471,28,0,0,10,51,0,16
250173685003,617,461,43,0,0,8,85,0,20
250173686001,409,356,14,0,0,0,8,0,31
250173686002,313,251,54,0,0,0,8,0,0
250173686003,817,665,152,0,0,0,0,0,0
250173686004,1036,869,51,0,0,22,94,0,0
250173686005,904,751,61,0,0,0,43,0,49
250173687001,826,685,107,0,0,0,34,0,0
250173687002,833,569,89,0,0,0,119,0,56
250173688001,267,155,49,0,0,0,0,0,63
250173688002,452,359,12,0,0,0,53,0,28
250173688003,603,531,21,0,0,0,29,0,22
250173688004,780,669,53,0,0,8,34,0,16
250173688005,542,283,152,2,0,13,33,27,32
250173689011,1116,460,48,0,0,19,485,7,97
250173689012,636,613,23,0,0,0,0,0,0
250173689013,1246,1150,0,0,0,0,48,0,48
250173689014,314,299,0,0,0,15,0,0,0
250173689021,1660,1148,129,10,0,7,247,27,92
250173689022,451,299,116,0,0,12,24,0,0
250173689023,352,318,9,0,0,0,0,0,25
250173690001,755,532,45,0,0,0,32,16,130
250173691001,373,242,37,0,0,10,7,0,77
250173691002,610,589,21,0,0,0,0,0,0
250173691003,420,401,0,0,0,0,0,10,9
250173691004,1092,943,41,0,0,0,8,25,75
250173691005,628,557,52,0,0,8,0,0,11
250173701011,909,701,178,0,0,0,0,0,30
250173701012,1094,935,124,0,0,16,0,0,19
250173701013,1059,832,105,0,0,0,39,0,83
250173701014,1357,1006,160,63,17,0,59,0,52
250173701021,927,756,123,0,0,17,0,14,17
250173701022,991,632,300,0,0,0,14,29,16
250173701023,812,389,249,0,0,21,52,0,101
250173701024,1246,835,241,0,0,30,47,0,93
250173701025,987,920,28,0,0,0,11,0,28
250173702011,674,418,145,0,0,59,9,0,43
250173702012,827,551,99,0,10,77,10,0,80
250173702013,835,568,139,9,0,0,8,25,86
250173702021,642,499,88,0,0,16,14,0,25
250173702022,455,346,68,0,0,0,24,0,17
250173702023,639,550,32,0,0,8,0,11,38
250173702024,857,735,63,0,0,16,9,0,34
250173703001,88,57,0,0,0,12,0,0,19
250173703002,672,608,24,0,0,0,0,0,40
250173703003,491,314,116,0,0,11,0,0,50
250173703004,533,366,111,0,0,28,17,0,11
250173703005,441,295,70,0,0,43,15,0,18
250173703006,583,223,211,0,0,27,103,0,19
250173703007,486,190,140,0,0,0,65,0,91
250173704001,725,478,180,0,0,31,0,36,0
250173704002,886,642,134,0,19,91,0,0,0
250173704003,425,262,149,0,0,14,0,0,0
250173704004,554,484,16,0,0,0,54,0,0
250173704005,315,267,48,0,0,0,0,0,0
250173704006,385,240,109,0,0,0,19,0,17
250173731001,501,369,74,0,0,0,0,0,58
250173731002,509,340,104,0,0,0,0,0,65
250173731003,305,256,17,0,15,0,0,0,17
250173731004,602,475,77,0,0,0,28,0,22
250173731005,866,716,44,0,0,0,43,0,63
250173732001,573,501,39,0,8,0,13,0,12
250173732002,546,391,52,0,0,12,50,0,41
250173732003,473,381,70,0,0,0,0,0,22
250173732004,1159,914,117,0,0,29,55,0,44
250173733001,310,246,48,0,0,0,0,2,14
250173733002,620,381,140,0,0,0,43,0,56
250173733003,752,556,96,10,0,23,5,11,51
250173734001,1072,820,127,0,0,0,56,0,69
250173734002,782,565,92,0,0,0,47,0,78
250173735001,378,270,16,0,9,0,8,0,75
250173735002,683,517,52,0,0,0,37,11,66
250173735003,469,312,42,0,0,0,45,0,70
250173735004,1042,707,88,0,0,16,142,15,74
250173736001,1015,403,85,0,0,0,399,9,119
250173736002,944,233,100,0,0,16,466,31,98
250173736003,695,507,102,0,0,11,9,0,66
250173737001,463,383,39,0,0,0,0,0,41
250173737002,507,329,41,0,0,20,0,0,117
250173737003,526,381,56,0,0,0,9,0,80
250173737004,388,250,30,0,0,20,0,0,88
250173738001,1346,975,169,0,0,0,78,12,112
250173738002,575,402,98,0,0,36,0,0,39
250173738003,772,514,163,0,0,0,13,0,82
250173738004,471,310,64,0,0,0,0,0,97
250173739001,715,631,44,0,0,0,0,0,40
250173739002,980,627,154,0,0,0,0,0,199
250173739003,635,536,29,0,0,0,0,0,70
250173739004,266,197,0,0,0,0,28,0,41
250173740001,821,648,118,0,0,27,0,8,20
250173740002,1091,728,94,0,0,11,182,0,76
250173740003,677,524,76,0,0,8,0,0,69
250173741001,1135,891,117,0,0,0,50,0,77
250173741002,832,528,185,0,0,0,31,0,88
250173741003,619,438,94,0,0,7,15,18,47
250173742001,674,348,214,0,0,18,20,7,67
250173742002,967,510,171,0,0,67,26,0,193
250173742003,756,487,208,0,0,0,0,0,61
250173743001,704,459,132,0,0,0,42,7,64
250173743002,640,450,60,0,0,0,28,0,102
250173743003,527,408,50,0,0,6,12,0,51
250173744001,709,547,17,0,0,17,0,37,91
250173744002,510,460,17,0,0,0,0,0,33
250173744003,472,439,0,0,0,0,0,0,33
250173744004,745,481,82,0,0,0,0,0,182
250173744005,364,263,52,0,0,16,0,0,33
250173745001,426,262,69,0,0,0,21,0,74
250173745002,617,530,39,0,0,9,25,0,14
250173745003,372,289,9,0,9,0,12,0,53
250173745004,398,338,43,0,0,0,9,0,8
250173745005,397,250,33,14,0,38,42,0,20
250173746001,1005,767,156,14,0,8,23,0,37
250173746002,558,460,43,0,0,0,9,0,46
250173746003,856,729,83,0,0,0,7,0,37
250173746004,479,374,47,0,0,11,0,28,19
250173747001,1563,1225,166,0,0,23,48,9,92
250173747002,982,694,120,11,0,0,15,41,101
250173748001,791,474,100,0,0,15,152,0,50
250173748002,938,432,110,0,0,36,222,0,138
250173748003,661,491,74,0,0,7,28,0,61
250173821001,780,690,62,0,0,0,0,0,28
250173821002,537,503,8,0,0,0,0,18,8
250173821003,532,477,24,0,0,0,0,0,31
250173821004,469,397,30,0,0,0,0,7,35
250173821005,382,310,32,0,0,0,9,0,31
250173822001,694,477,107,0,8,19,27,0,56
250173822002,964,669,119,0,0,23,16,0,137
250173822003,479,374,39,0,0,0,15,0,51
250173822004,812,701,57,0,0,19,14,0,21
250173823001,396,305,76,0,0,0,15,0,0
250173823002,1151,970,89,7,0,15,28,0,42
250173823003,576,530,31,0,0,0,0,0,15
250173823004,773,685,31,0,0,11,15,0,31
250173824001,835,745,19,0,0,0,15,7,49
250173824002,1011,812,54,0,9,0,0,40,96
250173824003,725,516,125,9,0,0,0,0,75
250173825001,1258,1036,96,0,0,0,0,6,120
250173825002,590,533,18,0,0,0,0,0,39
250173825003,1003,814,53,0,0,11,59,4,62
250173826011,1298,1124,118,0,0,0,10,26,20
250173826012,743,566,135,0,0,0,0,0,42
250173826013,879,783,52,10,0,0,0,0,34
250173826021,323,223,58,0,0,0,0,0,42
250173826022,698,580,18,0,0,0,37,0,63
250173826023,721,503,128,0,0,0,0,0,90
250173826024,603,509,40,0,0,0,32,7,15
250173831011,998,710,51,0,0,0,163,74,0
250173831012,949,713,25,0,0,21,24,98,68
250173831021,1178,1024,56,0,0,0,65,19,14
250173831022,1395,1203,38,0,0,0,47,78,29
250173832001,1377,1291,22,0,0,0,64,0,0
250173832002,806,665,23,0,0,0,0,49,69
250173832003,849,751,50,0,0,0,48,0,0
250173832004,721,617,17,20,0,0,0,0,67
250173833001,734,629,55,5,0,0,45,0,0
250173833002,957,829,46,11,18,0,0,11,42
250173834001,995,842,39,0,0,0,0,114,0
250173834002,1098,1056,23,0,0,0,19,0,0
250173834003,850,723,69,0,0,0,33,25,0
250173834004,764,669,12,19,0,0,0,0,64
250173835011,1334,1077,115,0,0,17,47,19,59
250173835012,458,392,56,0,0,0,0,0,10
250173835013,690,558,31,0,0,0,44,30,27
250173835021,1302,732,116,0,0,9,257,0,188
250173835022,792,580,58,0,11,30,30,8,75
250173836001,492,400,27,0,0,0,0,38,27
250173836002,1092,753,0,0,0,0,277,62,0
250173836003,1249,1121,0,0,0,0,52,0,76
250173836004,661,566,64,0,0,0,0,0,31
250173837001,680,516,35,0,0,0,0,0,129
250173837002,522,508,0,0,0,0,14,0,0
250173837003,1330,1279,13,0,0,0,0,12,26
250173837004,808,742,37,0,0,0,0,0,29
250173838001,550,474,15,0,0,0,0,0,61
250173838002,634,634,0,0,0,0,0,0,0
250173838003,541,366,45,0,0,0,0,0,130
250173838004,711,553,78,0,0,9,0,33,38
250173838005,630,555,41,0,0,0,0,0,34
250173839011,465,432,0,0,0,0,0,0,33
250173839012,396,369,27,0,0,0,0,0,0
250173839013,785,686,36,0,0,16,0,0,47
250173839014,665,650,0,0,0,0,1,0,14
250173839015,969,816,33,0,17,0,0,0,103
250173839016,710,616,0,0,0,0,0,38,56
250173839021,1449,1322,63,0,0,0,0,0,64
250173839022,724,650,10,0,0,0,0,0,64
250173839023,761,629,65,0,0,0,0,0,67
250173840011,857,799,22,0,0,0,5,0,31
250173840021,1299,1183,39,0,0,0,0,0,77
250173840022,314,288,0,0,0,0,0,0,26
250173840023,1397,1363,18,0,0,0,0,0,16
250173851001,824,732,40,0,0,0,0,0,52
250173851002,2349,2040,161,0,0,0,20,15,113
250173851003,492,447,15,0,0,0,12,0,18
250173852011,872,813,26,0,0,0,0,0,33
250173852012,602,546,0,0,0,10,0,36,10
250173852021,1611,1454,98,0,0,0,0,0,59
250173852022,1706,1339,225,0,0,0,93,21,28
250173852023,560,422,113,0,0,0,13,12,0
250173852024,852,794,6,0,0,0,0,0,52
250173861001,531,351,67,0,0,0,22,0,91
250173861002,889,764,58,0,10,0,0,0,57
250173861003,649,522,70,0,0,0,18,0,39
250173871001,498,446,13,0,0,0,0,0,39
250173871002,339,270,9,0,0,0,0,0,60
250173871003,996,859,23,0,0,0,0,0,114
250173871004,419,348,28,0,0,0,9,0,34
250173872011,1494,1320,118,0,0,0,0,0,56
250173872012,368,309,6,0,0,0,0,0,53
250173872013,522,456,30,0,0,0,0,0,36
250173872014,653,545,37,0,0,0,31,0,40
250173872021,719,640,39,0,0,0,0,9,31
250173872022,452,349,23,0,0,0,11,0,69
250173872023,996,836,21,0,0,0,13,13,113
250173881001,1399,1164,91,0,25,0,0,10,109
250173881002,853,712,64,0,12,0,0,0,65
250173881003,847,711,29,0,0,0,75,0,32
250173882001,409,409,0,0,0,0,0,0,0
250173882002,1660,1469,52,0,14,0,0,15,110
250173882003,917,769,67,0,0,0,55,0,26
250173883001,278,128,44,0,0,0,67,39,0
250173883002,642,477,52,0,0,0,105,0,8
250173883003,842,397,44,0,0,8,301,34,58
250173883004,422,354,21,0,0,0,44,0,3
250179800001,0,0,0,0,0,0,0,0,0
250214001001,416,42,161,0,0,34,155,0,24
250214001002,634,147,233,0,0,6,212,8,28
250214001003,1312,518,362,0,0,0,353,0,79
250214001004,883,227,358,0,0,40,224,0,34
250214002001,474,69,73,33,0,47,211,0,41
250214002002,1896,648,598,0,0,139,490,0,21
250214002003,749,356,168,0,0,50,85,18,72
250214003001,701,228,140,0,0,67,180,0,86
250214003002,934,370,240,0,0,41,176,15,92
250214003003,1136,451,303,8,0,144,184,0,46
250214004001,1117,495,326,0,0,37,194,12,53
250214004002,1315,475,430,0,0,79,179,0,152
250214004003,719,229,283,0,0,27,81,16,83
250214005001,1483,476,519,69,0,76,242,0,101
250214005002,884,329,462,0,0,0,1,0,92
250214005003,1017,423,433,18,0,17,72,0,54
250214006001,816,319,344,0,0,20,57,0,76
250214006002,2025,842,933,19,0,66,17,39,109
250214006003,353,196,104,0,0,0,15,0,38
250214007001,530,146,130,0,0,43,78,26,107
250214007002,805,228,348,0,0,69,101,0,59
250214007003,477,246,107,0,0,28,77,0,19
250214008001,654,178,165,0,0,130,181,0,0
250214008002,1316,396,482,0,11,91,293,43,0
250214008003,1058,272,426,0,0,85,200,19,56
250214009001,984,317,276,27,0,20,305,8,31
250214009002,192,33,127,0,0,0,23,0,9
250214009003,1062,266,289,0,0,71,341,0,95
250214010001,466,168,172,0,0,7,39,0,80
250214010002,421,147,95,0,0,44,73,0,62
250214010003,769,406,213,9,0,66,37,0,38
250214011001,658,444,52,0,0,29,63,7,63
250214011002,350,220,31,0,0,0,47,14,38
250214011003,894,452,166,0,0,26,153,0,97
250214012001,827,421,181,11,0,2,145,7,60
250214012002,480,368,32,0,0,0,0,0,80
250214012003,822,720,77,0,17,0,0,0,8
250214012004,781,656,103,0,0,0,0,22,0
250214021011,333,284,24,0,0,0,0,0,25
250214021012,590,515,48,0,0,0,15,0,12
250214021013,322,189,34,0,0,8,0,0,91
250214021014,806,697,20,0,0,0,52,0,37
250214021021,549,398,78,0,0,0,60,0,13
250214021022,704,612,66,11,0,0,8,0,7
250214021023,497,353,69,0,0,0,22,29,24
250214021024,846,595,27,0,0,0,173,14,37
250214022001,661,585,45,0,0,14,0,7,10
250214022002,658,536,75,0,0,0,17,6,24
250214023001,476,418,51,0,0,0,0,0,7
250214023002,681,518,127,0,0,0,0,0,36
250214023003,1016,755,133,0,0,0,11,0,117
250214024001,560,483,29,0,0,0,0,0,48
250214024002,455,381,22,0,0,0,0,0,52
250214024003,525,509,16,0,0,0,0,0,0
250214024004,451,310,141,0,0,0,0,0,0
250214024005,265,178,75,0,0,0,0,0,12
250214024006,1264,996,152,0,0,0,47,0,69
250214025001,558,373,116,0,0,0,39,0,30
250214025002,886,683,68,0,0,0,26,0,109
250214031001,284,218,48,0,0,0,0,0,18
250214031002,564,334,42,0,0,14,18,0,156
250214031003,250,162,57,0,0,0,0,0,31
250214031004,646,490,107,0,0,0,0,0,49
250214031005,505,430,16,0,0,0,15,18,26
250214031006,469,359,49,0,0,0,14,0,47
250214031007,451,334,15,0,0,0,0,0,102
250214033001,488,343,72,0,0,0,20,0,53
250214033002,502,367,115,0,0,0,0,0,20
250214033003,928,776,105,0,0,0,16,0,31
250214034001,824,729,10,0,0,0,25,0,60
250214034002,744,618,69,0,0,0,29,0,28
250214034003,601,379,71,14,0,17,29,0,91
250214034004,276,146,110,0,0,0,0,0,20
250214034005,693,436,37,0,0,0,125,0,95
250214035001,1347,1092,95,0,0,12,0,0,148
250214035002,670,640,29,0,0,0,1,0,0
250214035003,1401,1059,191,0,0,0,16,0,135
250214041001,774,494,127,0,0,0,39,8,106
250214041002,525,430,28,0,0,0,0,0,67
250214041003,417,361,40,0,0,0,0,0,16
250214042011,415,339,48,0,0,0,0,0,28
250214042012,391,308,60,0,0,0,0,8,15
250214042013,314,233,34,0,0,0,0,0,47
250214042014,203,111,50,0,0,0,0,0,42
250214042021,668,488,58,0,0,0,13,0,109
250214042022,409,296,68,0,0,0,16,0,29
250214042023,997,375,82,0,0,0,400,5,135
250214043011,384,311,37,0,0,8,0,0,28
250214043012,481,355,48,0,0,0,22,0,56
250214043013,595,453,64,9,0,0,0,0,69
250214043014,613,481,49,0,0,0,7,0,76
250214043015,380,340,30,0,0,10,0,0,0
250214043021,808,597,85,7,0,0,11,0,108
250214043022,331,201,34,0,0,0,0,0,96
250214043023,507,403,67,0,0,0,0,0,37
250214044001,505,299,134,0,0,0,32,0,40
250214044002,198,112,23,0,0,0,15,0,48
250214044003,391,352,25,0,0,0,8,0,6
250214044004,320,214,32,12,0,0,26,11,25
250214044005,1665,445,109,0,7,26,880,23,175
250214051001,493,347,47,12,0,0,19,0,68
250214051002,1257,1012,86,0,0,0,64,10,85
250214051003,644,522,63,0,0,0,23,0,36
250214051004,365,231,37,0,0,0,8,0,89
250214061011,1476,1260,138,0,0,0,37,22,19
250214061012,556,356,106,0,0,0,17,7,70
250214061013,740,600,77,0,0,0,0,0,63
250214061021,1003,788,107,0,0,0,15,0,93
250214061022,403,278,42,0,0,0,26,0,57
250214061023,544,442,22,0,0,0,0,0,80
250214061024,1215,870,153,0,0,3,0,0,189
250214071001,846,829,17,0,0,0,0,0,0
250214071002,596,569,15,0,0,0,0,0,12
250214071003,1105,1048,22,0,0,0,35,0,0
250214071004,573,489,38,0,0,0,0,0,46
250214071005,952,813,21,0,0,55,12,20,31
250214081011,1185,974,115,0,0,0,0,0,96
250214081012,1142,1124,1,0,0,0,17,0,0
250214081013,1798,1563,77,0,0,0,0,0,158
250214081014,379,366,13,0,0,0,0,0,0
250214081021,652,562,37,0,0,0,0,0,53
250214081022,1248,1155,9,0,0,0,25,0,59
250214081023,599,475,47,0,0,0,42,0,35
250214081024,517,486,7,0,0,0,0,7,17
250214091011,1249,1005,151,0,0,0,0,0,93
250214091012,488,435,18,0,9,0,0,0,26
250214091013,429,311,44,0,0,0,0,0,74
250214091021,1078,809,123,0,0,0,24,8,114
250214091022,1560,1185,204,13,0,0,35,7,116
250214101001,351,351,0,0,0,0,0,0,0
250214101002,1375,1304,35,0,0,0,18,0,18
250214101003,218,166,32,0,0,0,0,0,20
250214101004,1140,1038,23,0,0,0,0,22,57
250214103001,981,804,85,0,0,0,34,9,49
250214103002,1515,1205,134,0,0,0,8,0,168
250214104001,545,443,14,0,0,0,0,0,88
250214104002,925,817,15,0,0,0,0,0,93
250214104003,364,315,34,0,0,0,0,0,15
250214104004,553,522,16,0,0,0,15,0,0
250214104005,1170,1105,14,0,0,0,0,16,35
250214111001,927,854,28,0,0,0,0,17,28
250214111002,857,745,97,0,0,0,0,0,15
250214111003,865,718,51,0,0,0,26,51,19
250214111004,795,651,115,0,0,0,0,0,29
250214111005,796,736,60,0,0,0,0,0,0
250214112001,794,581,118,0,0,0,52,0,43
250214112002,1815,1544,122,0,16,0,0,26,107
250214112003,909,625,182,0,0,0,4,14,84
250214112004,382,328,40,0,0,0,14,0,0
250214113011,1122,895,150,0,0,0,0,29,48
250214113012,484,436,0,0,0,0,0,0,48
250214113013,811,798,0,0,0,0,0,0,13
250214113021,487,466,11,0,0,0,0,0,10
250214113022,1060,842,103,0,0,42,0,11,62
250214113023,520,345,50,0,0,7,84,0,34
250214121001,1058,896,67,0,0,0,13,15,67
250214121002,616,487,102,0,0,0,0,0,27
250214121003,1040,696,178,0,0,0,33,0,133
250214121004,718,390,287,0,0,0,0,0,41
250214122001,894,672,155,0,0,0,7,4,56
250214122002,710,481,101,0,0,12,20,7,89
250214123001,563,436,62,0,0,0,22,0,43
250214123002,619,452,114,0,0,0,0,0,53
250214123003,470,316,67,0,0,0,0,0,87
250214123004,950,701,181,0,0,0,35,0,33
250214131001,748,698,50,0,0,0,0,0,0
250214131002,599,506,48,0,0,0,21,0,24
250214131003,633,595,0,0,0,0,14,14,10
250214131004,642,603,39,0,0,0,0,0,0
250214131005,441,388,53,0,0,0,0,0,0
250214132001,641,455,57,0,0,0,110,0,19
250214132002,960,749,79,0,0,0,78,17,37
250214132003,656,527,81,0,0,0,23,0,25
250214132004,909,856,53,0,0,0,0,0,0
250214133001,1145,882,146,0,7,9,32,0,69
250214133002,806,661,127,0,0,0,0,0,18
250214133003,786,677,50,0,0,0,0,0,59
250214134011,388,271,85,0,0,0,21,0,11
250214134012,707,565,106,0,0,0,24,0,12
250214134013,550,407,46,0,18,52,0,27,0
250214134021,591,490,93,0,0,0,8,0,0
250214134022,1077,887,95,0,0,0,0,26,69
250214134023,696,586,60,0,0,0,0,23,27
250214135001,1086,913,59,0,0,0,7,20,87
250214135002,892,835,18,0,0,0,39,0,0
250214135003,687,562,79,0,0,0,39,0,7
250214141001,512,391,104,0,0,0,0,0,17
250214141002,216,161,55,0,0,0,0,0,0
250214141003,1336,1045,183,0,0,0,0,0,108
250214141004,918,726,140,0,0,0,22,0,30
250214142001,325,311,14,0,0,0,0,0,0
250214142002,1598,1250,244,0,0,0,0,0,104
250214142003,562,379,117,0,0,0,0,0,66
250214142004,1337,865,356,0,0,0,0,0,116
250214143001,1544,1046,298,0,0,0,61,0,139
250214143002,430,308,63,0,0,7,7,0,45
250214143003,631,381,159,0,0,0,42,0,49
250214151011,742,524,112,11,0,0,0,6,89
250214151012,1784,1403,258,0,0,0,12,9,102
250214151021,805,728,77,0,0,0,0,0,0
250214151022,907,638,186,0,0,0,83,0,0
250214151023,1026,818,156,0,0,0,52,0,0
250214151024,905,637,250,0,0,0,0,0,18
250214151025,768,711,22,0,0,0,0,0,35
250214152001,1640,1366,169,0,0,0,37,0,68
250214152002,1276,1099,94,0,0,0,0,0,83
250214153001,1312,1078,176,0,0,0,0,0,58
250214153002,644,489,104,0,0,0,0,0,51
250214161011,326,308,0,0,0,0,0,0,18
250214161012,1034,801,183,0,0,0,18,0,32
250214161013,1180,840,148,0,0,12,116,0,64
250214161014,328,301,7,0,0,0,0,0,20
250214161021,1309,776,56,0,13,0,335,6,123
250214161022,520,414,54,0,0,0,5,0,47
250214162001,622,496,117,0,0,0,9,0,0
250214162002,411,312,50,0,0,49,0,0,0
250214162003,704,537,50,0,0,0,65,0,52
250214162004,240,218,0,0,0,0,0,0,22
250214162005,489,374,55,0,0,0,0,42,18
250214162006,504,439,38,0,0,16,0,0,11
250214162007,626,487,70,0,0,11,32,0,26
250214163001,766,534,116,0,15,27,40,0,34
250214163002,440,326,70,0,0,0,0,0,44
250214163003,383,281,66,0,0,0,0,0,36
250214163004,488,351,96,0,0,0,13,0,28
250214163005,407,229,127,0,0,12,0,0,39
250214164001,301,262,28,0,0,0,0,0,11
250214164002,226,166,26,0,0,0,0,0,34
250214164003,528,476,52,0,0,0,0,0,0
250214164004,404,372,32,0,0,0,0,0,0
250214164005,553,492,35,0,0,0,0,0,26
250214164006,475,342,46,0,0,0,0,0,87
250214164007,353,178,143,0,0,0,0,16,16
250214171001,552,326,226,0,0,0,0,0,0
250214171002,551,406,121,0,0,0,0,0,24
250214171003,731,427,246,0,0,17,15,0,26
250214171004,582,419,113,0,0,0,33,0,17
250214171005,439,297,100,0,0,9,26,0,7
250214172001,1675,831,770,0,0,0,37,0,37
250214172002,597,289,263,0,0,0,22,0,23
250214172003,588,383,121,0,0,0,43,0,41
250214172004,455,244,211,0,0,0,0,0,0
250214172005,589,464,104,0,0,0,21,0,0
250214172006,386,314,48,24,0,0,0,0,0
250214172007,462,256,156,0,0,0,0,0,50
250214173001,1105,625,463,0,0,0,4,0,13
250214173002,488,378,72,0,0,0,13,7,18
250214174001,487,388,67,0,0,12,0,0,20
250214174002,533,353,142,0,0,0,23,0,15
250214174003,258,223,11,0,0,0,14,0,10
250214175011,582,386,196,0,0,0,0,0,0
250214175012,859,441,349,0,0,0,69,0,0
250214175013,873,620,221,12,0,0,0,0,20
250214175014,580,407,109,13,0,0,40,0,11
250214175021,617,307,267,0,0,0,11,0,32
250214175022,714,501,193,0,0,0,20,0,0
250214175023,691,425,213,0,0,28,25,0,0
250214175024,884,652,232,0,0,0,0,0,0
250214176011,271,205,51,0,0,0,0,0,15
250214176012,1005,595,219,0,4,0,134,5,48
250214176013,779,333,344,0,0,0,102,0,0
250214176014,667,470,164,0,0,0,16,0,17
250214176021,832,564,211,0,0,12,20,0,25
250214176022,1039,604,356,0,0,17,0,38,24
250214176023,933,568,316,0,0,0,49,0,0
250214177011,992,364,543,0,0,0,0,0,85
250214177012,216,118,68,0,0,0,17,0,13
250214177013,1122,506,593,0,0,0,0,11,12
250214177014,358,152,195,0,0,0,0,3,8
250214177021,285,262,10,0,0,0,13,0,0
250214177022,552,252,231,0,0,0,33,27,9
250214177023,569,433,118,0,0,0,10,0,8
250214178011,338,231,107,0,0,0,0,0,0
250214178012,603,524,46,0,0,0,0,0,33
250214178013,525,480,33,0,0,0,0,12,0
250214178014,452,419,15,0,0,0,18,0,0
250214178015,763,649,114,0,0,0,0,0,0
250214178021,898,705,185,0,0,0,0,0,8
250214178022,457,389,68,0,0,0,0,0,0
250214179011,645,510,96,0,0,0,39,0,0
250214179012,1141,726,240,0,0,60,115,0,0
250214179013,618,371,217,0,0,0,14,0,16
250214179014,293,167,125,0,0,0,0,0,1
250214179015,525,395,130,0,0,0,0,0,0
250214179021,1001,707,179,0,0,10,96,0,9
250214179022,634,442,167,0,0,0,25,0,0
250214179023,492,273,194,0,0,0,18,0,7
250214180021,863,504,336,0,0,0,10,0,13
250214180022,324,229,70,0,0,0,0,25,0
250214180023,841,603,225,0,0,0,0,13,0
250214180024,698,511,111,0,0,29,37,0,10
250214180025,1460,904,556,0,0,0,0,0,0
250214180031,1774,1446,273,0,0,0,12,11,32
250214180041,1074,821,239,0,0,0,14,0,0
250214180042,273,216,57,0,0,0,0,0,0
250214180043,1116,706,358,20,0,0,32,0,0
250214181011,826,611,201,0,0,0,14,0,0
250214181012,1698,973,595,0,0,0,65,42,23
250214181013,259,97,162,0,0,0,0,0,0
250214181021,584,456,105,0,0,0,11,0,12
250214181022,1463,1066,309,23,0,0,29,18,18
250214182001,854,486,251,0,0,0,33,60,24
250214182002,1067,698,338,0,0,0,18,0,13
250214182003,488,388,12,0,0,0,0,88,0
250214182004,1370,1059,159,0,0,0,53,0,99
250214191001,1050,938,79,0,0,0,19,0,14
250214191002,764,638,117,0,0,0,9,0,0
250214191003,858,634,151,0,16,0,10,0,47
250214191004,337,238,86,0,0,0,13,0,0
250214192001,1366,1074,257,0,0,0,0,6,29
250214192002,290,208,64,0,0,9,0,0,9
250214192003,281,243,23,0,0,0,0,7,8
250214192004,651,524,90,0,0,12,9,0,16
250214193001,636,432,172,0,0,0,16,0,16
250214193002,310,250,44,0,0,0,0,0,16
250214193003,463,341,60,9,0,0,17,7,29
250214193004,603,503,85,0,0,0,5,0,10
250214194001,440,420,5,0,0,5,0,0,10
250214194002,548,444,60,0,0,0,12,22,10
250214194003,683,568,74,0,0,0,0,0,41
250214195001,506,486,20,0,0,0,0,0,0
250214195002,1005,852,132,11,0,0,10,0,0
250214196001,978,625,268,0,0,0,0,0,85
250214196002,521,407,26,0,0,0,15,16,57
250214196003,984,757,139,0,0,0,0,1,87
250214196004,1023,859,116,26,0,0,0,0,22
250214197001,867,530,234,0,0,0,17,33,53
250214197002,1277,1128,89,0,0,0,10,24,26
250214198001,622,545,26,0,0,0,0,11,40
250214198002,644,449,146,9,0,0,28,0,12
250214198003,972,918,54,0,0,0,0,0,0
250214201001,431,378,34,0,0,0,0,0,19
250214201002,460,425,18,0,0,0,17,0,0
250214201003,477,413,46,0,0,0,18,0,0
250214201004,1617,1392,183,0,0,0,16,0,26
250214201005,1067,1013,54,0,0,0,0,0,0
250214202011,522,412,83,0,0,0,0,0,27
250214202012,1460,1241,191,6,0,0,1,21,0
250214202021,880,799,81,0,0,0,0,0,0
250214202022,546,457,58,0,0,14,1,0,16
250214202023,1970,1751,185,0,0,0,0,0,34
250214203011,363,295,33,0,0,35,0,0,0
250214203012,802,737,16,0,0,0,27,11,11
250214203013,1164,1033,87,0,0,0,23,20,1
250214203014,1060,925,86,0,0,0,49,0,0
250214203021,1171,1061,40,0,0,0,0,0,70
250214203022,257,206,30,0,0,0,0,0,21
250214203023,470,360,110,0,0,0,0,0,0
250214203024,1352,1152,151,0,0,0,0,0,49
250214203025,822,664,133,0,0,0,25,0,0
250214211001,563,469,79,0,0,0,0,0,15
250214211002,232,197,24,0,0,0,0,0,11
250214211003,1438,1192,212,15,0,0,0,0,19
250214211004,328,284,44,0,0,0,0,0,0
250214212001,677,568,90,0,0,0,19,0,0
250214212002,786,757,29,0,0,0,0,0,0
250214212003,618,463,140,0,0,0,0,0,15
250214212004,365,305,60,0,0,0,0,0,0
250214212005,570,445,57,0,0,0,0,24,44
250214221001,659,583,46,0,0,0,0,0,30
250214221002,860,748,82,0,0,0,0,0,30
250214221003,819,675,57,0,23,0,11,0,53
250214221004,642,534,44,0,0,0,57,0,7
250214222001,384,304,49,0,0,0,0,0,31
250214222002,633,498,42,0,0,0,25,0,68
250214222003,583,570,13,0,0,0,0,0,0
250214222004,586,540,15,0,0,0,0,0,31
250214222005,1239,1086,104,0,0,0,31,0,18
250214222006,609,577,32,0,0,0,0,0,0
250214223011,822,747,60,0,0,0,15,0,0
250214223012,860,721,102,0,0,0,0,23,14
250214223021,713,556,110,0,0,0,0,0,47
250214223022,600,570,16,0,0,0,0,0,14
250214223023,1436,1297,123,0,0,0,16,0,0
250214223024,809,749,41,0,0,0,0,0,19
250214223025,305,268,18,0,0,0,0,0,19
250214224001,294,254,0,0,0,16,0,0,24
250214224002,672,573,42,0,0,17,24,0,16
250214224003,1016,824,192,0,0,0,0,0,0
250214224004,442,405,24,0,0,0,13,0,0
250214224005,1462,1229,76,35,0,0,43,0,79
250214225011,751,607,116,0,0,0,0,0,28
250214225012,951,891,60,0,0,0,0,0,0
250214225013,425,381,26,0,0,0,0,0,18
250214225014,344,253,55,0,0,0,5,31,0
250214225021,589,540,20,0,0,0,1,0,28
250214225022,570,425,113,0,0,0,0,0,32
250214225023,1017,704,122,0,0,0,171,0,20
250214225024,409,409,0,0,0,0,0,0,0
250214226001,739,578,124,0,20,0,0,0,17
250214226002,649,470,124,0,0,0,0,0,55
250214226003,568,494,52,0,0,0,0,0,22
250214226004,885,759,126,0,0,0,0,0,0
250214226005,482,344,46,0,0,0,0,0,92
250214226006,324,306,0,0,0,0,18,0,0
250214226007,391,358,12,0,0,0,0,0,21
250214227001,673,504,110,0,0,0,27,0,32
250214227002,508,456,35,0,0,0,17,0,0
250214227003,452,310,85,0,0,0,0,0,57
250214227004,364,330,34,0,0,0,0,0,0
250214228001,727,629,58,0,0,0,7,0,33
250214228002,660,557,92,0,0,0,11,0,0
250214228003,406,321,58,20,0,0,0,0,7
250214228004,356,305,20,0,0,0,0,0,31
250214231001,378,306,67,0,0,0,5,0,0
250214231002,794,536,124,0,0,0,0,0,134
250214231003,381,220,86,0,0,0,0,0,75
250214231004,785,498,238,0,0,0,17,15,17
250214231005,625,517,96,0,0,0,0,0,12
250214231006,738,573,132,0,0,0,0,0,33
250214401001,631,572,0,0,0,0,0,24,35
250214401002,1441,1200,46,0,0,0,0,17,178
250214401003,951,905,0,0,0,0,0,46,0
250214401004,857,823,0,0,0,0,18,0,16
250214401005,1221,1145,36,0,0,0,0,0,40
250214412021,1532,1283,99,0,0,0,0,14,136
250214412031,1427,1198,94,0,0,0,0,36,99
250214412032,661,634,9,0,0,0,0,0,18
250214412041,1159,979,139,0,0,0,0,0,41
250214412042,1243,1017,132,9,0,0,16,15,54
250214421011,540,479,46,0,0,0,0,0,15
250214421012,1052,870,155,0,0,0,0,0,27
250214421013,871,468,30,0,5,0,268,7,93
250214421014,445,403,23,0,0,0,0,0,19
250214421021,1080,953,60,0,0,0,22,0,45
250214421022,789,654,77,0,0,0,0,0,58
250214421023,1259,1046,32,0,0,0,15,0,166
250214421024,939,790,92,0,0,0,0,21,36
250214421031,1495,1262,114,0,0,0,19,0,100
250214421032,1319,1097,84,0,0,0,16,0,122
250214421033,729,647,13,0,0,0,0,0,69
250214422011,1003,946,24,0,8,0,0,16,9
250214422012,1288,960,186,0,9,0,38,8,87
250214422021,1472,1235,55,0,0,0,54,15,113
250214422022,707,545,74,0,0,0,0,0,88
250214422023,1006,866,56,0,0,0,0,0,84
250214422024,943,768,37,0,0,0,0,62,76
250214431011,1168,1088,0,0,0,0,0,80,0
250214431012,1032,1011,0,0,0,0,0,0,21
250214431013,1319,1148,0,0,0,0,19,80,72
250214431014,917,750,21,0,0,0,65,0,81
250214431021,1545,1383,29,0,0,0,0,57,76
250214431022,1877,1687,94,0,0,0,0,13,83
250214431023,907,741,73,0,0,0,15,0,78
250214431024,688,649,15,0,0,0,24,0,0
250214431025,363,328,0,0,0,0,35,0,0
250214561011,1212,1106,64,0,11,0,0,0,31
250214561012,857,765,36,0,10,0,0,0,46
250214561021,853,740,102,0,0,0,0,0,11
250214561022,1179,955,126,0,0,0,54,0,44
250214561023,655,500,63,0,0,0,51,8,33
250214562001,1190,967,40,0,0,0,30,36,117
250214562002,1184,1098,32,0,0,0,13,11,30
250214563011,391,302,32,0,0,0,38,5,14
250214563012,410,364,28,0,0,0,18,0,0
250214563021,1018,853,82,0,0,0,11,0,72
250214563022,779,693,8,0,0,0,65,0,13
250214563023,471,419,36,0,0,0,0,0,16
250214563024,388,319,42,0,0,0,27,0,0
250214564011,691,593,64,0,0,0,33,0,1
250214564012,803,608,104,0,0,0,24,0,67
250214564021,526,470,24,0,0,0,0,0,32
250214564022,636,557,21,0,0,11,0,0,47
250214564023,1213,989,179,0,0,0,11,10,24
250214564024,628,577,42,0,0,0,0,0,9
250214571001,698,628,28,0,0,0,0,0,42
250214571002,700,629,54,0,0,0,17,0,0
250214571003,499,462,29,0,0,0,0,0,8
250214571004,603,514,74,0,0,0,0,0,15
250214572001,634,514,53,0,0,8,47,0,12
250214572002,456,358,40,0,0,16,0,0,42
250214572003,896,677,170,0,0,0,11,0,38
250214572004,556,514,13,0,0,0,0,0,29
250214572005,352,278,23,0,0,19,0,0,32
